record_type,category,value,source,encodings,offsets
exe_string,actor_tracking,ActorTrackingPOIAlphaOffScreen,ArkAscended.exe,ascii,0xc1e4210
exe_string,actor_tracking,ActorTrackingPOIAlphaOnScreen,ArkAscended.exe,ascii,0xc1e41d0
exe_string,actor_tracking,ActorTrackingPOIDistanceToScreenCenterForTransparency,ArkAscended.exe,ascii,0xc1e4288
exe_string,actor_tracking,ActorTrackingPOIScaleOffScreen,ArkAscended.exe,ascii,0xc1e4230
exe_string,actor_tracking,ActorTrackingPOIScaleOnScreen,ArkAscended.exe,ascii,0xc1e41f0
exe_string,actor_tracking,ActorTracking_TempTrackActorsNotYetSyncedAtAll,ArkAscended.exe,ascii,0xc1e3f68
exe_string,actor_tracking,ActorTracking_TempTrackPOIVisibleState_Creatures,ArkAscended.exe,ascii,0xc1e3e30
exe_string,actor_tracking,ActorTracking_TempTrackPOIVisibleState_Creatures_Key,ArkAscended.exe,ascii,0xc1e3e68
exe_string,actor_tracking,ActorTracking_TempTrackPOIVisibleState_Players,ArkAscended.exe,ascii,0xc1e3f00
exe_string,actor_tracking,ActorTracking_TempTrackPOIVisibleState_Players_Key,ArkAscended.exe,ascii,0xc1e3f30
exe_string,actor_tracking,ActorTracking_TempTrack_TrackState_Creatures,ArkAscended.exe,ascii,0xc1e3dc8
exe_string,actor_tracking,ActorTracking_TempTrack_TrackState_Creatures_Key,ArkAscended.exe,ascii,0xc1e3df8
exe_string,actor_tracking,ActorTracking_TempTrack_TrackState_Players,ArkAscended.exe,ascii,0xc1e3ea0
exe_string,actor_tracking,ActorTracking_TempTrack_TrackState_Players_Key,ArkAscended.exe,ascii,0xc1e3ed0
exe_string,actor_tracking,CustomActorTracking_DisplayedResultsCount,ArkAscended.exe,ascii,0xc1e35c8
exe_string,actor_tracking,CustomActorTracking_HasJustChangedDinoGroup,ArkAscended.exe,ascii,0xc1e36f0
exe_string,actor_tracking,CustomActorTracking_HasJustChangedSearchText,ArkAscended.exe,ascii,0xc1e3720
exe_string,actor_tracking,CustomActorTracking_HasJustChangedSelectionType,ArkAscended.exe,ascii,0xc1e36c0
exe_string,actor_tracking,CustomActorTracking_LastSavedCustomTameSearchText,ArkAscended.exe,ascii,0xc1e3658
exe_string,actor_tracking,CustomActorTracking_LastSavedCustomTameSelectionType,ArkAscended.exe,ascii,0xc1e35f8
exe_string,actor_tracking,CustomActorTracking_LastSavedDinoGroup,ArkAscended.exe,ascii,0xc1e3630
exe_string,actor_tracking,CustomActorTracking_LastSavedScrollbarIndex,ArkAscended.exe,ascii,0xc1e3690
exe_string,actor_tracking,CustomActorTracking_MaxAllowedFavoritedActors,ArkAscended.exe,ascii,0xc1e3460
exe_string,actor_tracking,CustomActorTracking_MaxAllowedWaypointTrackedActors,ArkAscended.exe,ascii,0xc1e3490
exe_string,actor_tracking,DesiredDistanceForActorTrackingPOILoweredTransparency,ArkAscended.exe,ascii,0xc1e4250
exe_string,actor_tracking,SetCustomActorTracking_LastSavedCustomTameSearchText,ArkAscended.exe,ascii,0xc1e14b0
exe_string,actor_tracking,SetCustomActorTracking_LastSavedCustomTameSelectionType,ArkAscended.exe,ascii,0xc1e14e8
exe_string,actor_tracking,SetCustomActorTracking_LastSavedDinoGroup,ArkAscended.exe,ascii,0xc1e1520
exe_string,actor_tracking,SetCustomActorTracking_LastSavedScrollbarIndex,ArkAscended.exe,ascii,0xc1e1550
exe_string,admin_moderation,AShooterPlayerController::ServerBanPlayer - %s is banning %s,ArkAscended.exe,utf16le,0xc3a1e60
exe_string,admin_moderation,AShooterPlayerController::ServerKickPlayer - %s is kicking %s,ArkAscended.exe,utf16le,0xc3a1de0
exe_string,admin_moderation,ServerBanPlayer,ArkAscended.exe,ascii;utf16le,0xc1dd188;0xc1dd168
exe_string,admin_moderation,ServerKickPlayer,ArkAscended.exe,ascii;utf16le,0xc1df188;0xc1df160
exe_string,anticheat,.?AV<lambda_1>@?1??Init@FEOSGameAntiCheat@@UEAA_NXZ@,ArkAscended.exe,ascii,0xddc6a60;0xddc6a60
exe_string,anticheat,.?AV<lambda_20_>@?0???0?$EOSEventHandle@U_tagEOS_AntiCheatClient_OnClientIntegrityViolatedCallbackInfo@@@@QEAA@V?$function@$$A6AXPEBU_tagEOS_AntiCheatClient_OnClientIntegrityViolatedCallbackInfo@@@Z@std@@@Z@,ArkAscended.exe,ascii,0xddc5cf0;0xddc5cf0
exe_string,anticheat,.?AV<lambda_21_>@?0???0?$EOSEventHandle@U_tagEOS_AntiCheatClient_OnMessageToServerCallbackInfo@@@@QEAA@V?$function@$$A6AXPEBU_tagEOS_AntiCheatClient_OnMessageToServerCallbackInfo@@@Z@std@@@Z@,ArkAscended.exe,ascii,0xddc5dd0;0xddc5dd0
exe_string,anticheat,.?AV<lambda_22_>@?0???0?$EOSEventHandle@U_tagEOS_AntiCheatCommon_OnClientAuthStatusChangedCallbackInfo@@@@QEAA@V?$function@$$A6AXPEBU_tagEOS_AntiCheatCommon_OnClientAuthStatusChangedCallbackInfo@@@Z@std@@@Z@,ArkAscended.exe,ascii,0xddc5ea0;0xddc5ea0
exe_string,anticheat,.?AV<lambda_23_>@?0???0?$EOSEventHandle@U_tagEOS_AntiCheatCommon_OnClientActionRequiredCallbackInfo@@@@QEAA@V?$function@$$A6AXPEBU_tagEOS_AntiCheatCommon_OnClientActionRequiredCallbackInfo@@@Z@std@@@Z@,ArkAscended.exe,ascii,0xddc49d0;0xddc49d0
exe_string,anticheat,.?AV<lambda_24_>@?0???0?$EOSEventHandle@U_tagEOS_AntiCheatCommon_OnMessageToClientCallbackInfo@@@@QEAA@V?$function@$$A6AXPEBU_tagEOS_AntiCheatCommon_OnMessageToClientCallbackInfo@@@Z@std@@@Z@,ArkAscended.exe,ascii,0xddc4ab0;0xddc4ab0
exe_string,anticheat,.?AV<lambda_2>@?1??Init@FEOSGameAntiCheat@@UEAA_NXZ@,ArkAscended.exe,ascii,0xddc6720;0xddc6720
exe_string,anticheat,.?AV<lambda_3>@?1??Init@FEOSGameAntiCheat@@UEAA_NXZ@,ArkAscended.exe,ascii,0xddc6840;0xddc6840
exe_string,anticheat,.?AV<lambda_4>@?1??Init@FEOSGameAntiCheat@@UEAA_NXZ@,ArkAscended.exe,ascii,0xddc6eb0;0xddc6eb0
exe_string,anticheat,.?AV<lambda_5>@?1??Init@FEOSGameAntiCheat@@UEAA_NXZ@,ArkAscended.exe,ascii,0xddc6fd0;0xddc6fd0
exe_string,anticheat,.P6AXPEAUEOS_AntiCheatClientHandle@@_K@Z,ArkAscended.exe,ascii,0xddc6a20;0xddc6a20
exe_string,anticheat,.P6A_KPEAUEOS_AntiCheatClientHandle@@PEBU_tagEOS_AntiCheatClient_AddNotifyClientIntegrityViolatedOptions@@PEAXP6AXPEBU_tagEOS_AntiCheatClient_OnClientIntegrityViolatedCallbackInfo@@@Z@Z,ArkAscended.exe,ascii,0xddc6f00;0xddc6f00
exe_string,anticheat,.P6A_KPEAUEOS_AntiCheatClientHandle@@PEBU_tagEOS_AntiCheatClient_AddNotifyMessageToPeerOptions@@PEAXP6AXPEBU_tagEOS_AntiCheatCommon_OnMessageToClientCallbackInfo@@@Z@Z,ArkAscended.exe,ascii,0xddc6ab0;0xddc6ab0
exe_string,anticheat,.P6A_KPEAUEOS_AntiCheatClientHandle@@PEBU_tagEOS_AntiCheatClient_AddNotifyMessageToServerOptions@@PEAXP6AXPEBU_tagEOS_AntiCheatClient_OnMessageToServerCallbackInfo@@@Z@Z,ArkAscended.exe,ascii,0xddc6960;0xddc6960
exe_string,anticheat,.P6A_KPEAUEOS_AntiCheatClientHandle@@PEBU_tagEOS_AntiCheatClient_AddNotifyPeerActionRequiredOptions@@PEAXP6AXPEBU_tagEOS_AntiCheatCommon_OnClientActionRequiredCallbackInfo@@@Z@Z,ArkAscended.exe,ascii,0xddc6770;0xddc6770
exe_string,anticheat,.P6A_KPEAUEOS_AntiCheatClientHandle@@PEBU_tagEOS_AntiCheatClient_AddNotifyPeerAuthStatusChangedOptions@@PEAXP6AXPEBU_tagEOS_AntiCheatCommon_OnClientAuthStatusChangedCallbackInfo@@@Z@Z,ArkAscended.exe,ascii,0xddc6890;0xddc6890
exe_string,anticheat,ANTICHEAT,ArkAscended.exe,utf16le,0xbc292c0;0xbc292c0
exe_string,anticheat,Anti-Cheat integrity check failed,ArkAscended.exe,utf16le,0xbc12b90
exe_string,anticheat,Anti-Cheat registration failed,ArkAscended.exe,utf16le,0xbc12d18
exe_string,anticheat,Anti-Cheat requested session %s in %s must match current session %s!,ArkAscended.exe,utf16le,0xbc04710
exe_string,anticheat,AntiCheatIntegrity,ArkAscended.exe,utf16le,0xbc0da88;0xbc0da88
exe_string,anticheat,AntiCheatProof,ArkAscended.exe,utf16le,0xbc0dab0;0xbc0dab0
exe_string,anticheat,C:\j\workspace\RelA\Engine\Plugins\EOS\EOS\OnlineSubsystemRedpointEOS\Source\OnlineSubsystemRedpointEOS\Private\AntiCheat\EOSGameAntiCheat.cpp,ArkAscended.exe,ascii,0xbc048a0;0xbc048a0
exe_string,anticheat,Disconnected from server due to Anti-Cheat error. Reason: '%s'. Details: '%s'.,ArkAscended.exe,utf16le,0xbc0d9c0
exe_string,anticheat,EOS Connect DeviceID auth method is not supported for anti-cheat,ArkAscended.exe,utf16le,0xbbfe3b0
exe_string,anticheat,EOS_AntiCheatClient_AddNotifyClientIntegrityViolated,ArkAscended.exe,ascii,0xdb51ea0;0xdb51ea0
exe_string,anticheat,EOS_AntiCheatClient_AddNotifyMessageToPeer,ArkAscended.exe,ascii,0xdb51d62;0xdb51d62
exe_string,anticheat,EOS_AntiCheatClient_AddNotifyMessageToServer,ArkAscended.exe,ascii,0xdb51d02;0xdb51d02
exe_string,anticheat,EOS_AntiCheatClient_AddNotifyPeerActionRequired,ArkAscended.exe,ascii,0xdb51dc6;0xdb51dc6
exe_string,anticheat,EOS_AntiCheatClient_AddNotifyPeerAuthStatusChanged,ArkAscended.exe,ascii,0xdb51e30;0xdb51e30
exe_string,anticheat,EOS_AntiCheatClient_BeginSession,ArkAscended.exe,ascii,0xdb51ed8;0xdb51ed8
exe_string,anticheat,EOS_AntiCheatClient_EndSession,ArkAscended.exe,ascii,0xdb51efc;0xdb51efc
exe_string,anticheat,EOS_AntiCheatClient_ReceiveMessageFromPeer,ArkAscended.exe,ascii;utf16le,0xbc05e40;0xbc05e40;0xdb51f98;0xdb51f98
exe_string,anticheat,EOS_AntiCheatClient_ReceiveMessageFromServer,ArkAscended.exe,ascii;utf16le,0xbc05de0;0xbc05de0;0xdb51f68;0xdb51f68
exe_string,anticheat,EOS_AntiCheatClient_RegisterPeer,ArkAscended.exe,ascii,0xdb51f1e;0xdb51f1e
exe_string,anticheat,EOS_AntiCheatClient_RemoveNotifyClientIntegrityViolated,ArkAscended.exe,ascii,0xdb51e66;0xdb51e66
exe_string,anticheat,EOS_AntiCheatClient_RemoveNotifyMessageToPeer,ArkAscended.exe,ascii,0xdb51d32;0xdb51d32
exe_string,anticheat,EOS_AntiCheatClient_RemoveNotifyMessageToServer,ArkAscended.exe,ascii,0xdb51cd0;0xdb51cd0
exe_string,anticheat,EOS_AntiCheatClient_RemoveNotifyPeerActionRequired,ArkAscended.exe,ascii,0xdb51d90;0xdb51d90
exe_string,anticheat,EOS_AntiCheatClient_RemoveNotifyPeerAuthStatusChanged,ArkAscended.exe,ascii,0xdb51df8;0xdb51df8
exe_string,anticheat,EOS_AntiCheatClient_UnregisterPeer,ArkAscended.exe,ascii,0xdb51f42;0xdb51f42
exe_string,anticheat,EOS_Platform_GetAntiCheatClientInterface,ArkAscended.exe,ascii,0xdb51ca4;0xdb51ca4
exe_string,anticheat,EnableAntiCheat,ArkAscended.exe,utf16le,0xbc01790;0xbc01790
exe_string,anticheat,Error_AntiCheat_ClientDeploymentIdMismatch,ArkAscended.exe,utf16le,0xbbfe4d0;0xbbfe4d0
exe_string,anticheat,Error_AntiCheat_ClientProductIdMismatch,ArkAscended.exe,utf16le,0xbbfd950;0xbbfd950
exe_string,anticheat,Error_AntiCheat_ClientProtectionNotAvailable,ArkAscended.exe,utf16le,0xbbfd450;0xbbfd450
exe_string,anticheat,Error_AntiCheat_ClientSandboxIdMismatch,ArkAscended.exe,utf16le,0xbbfd780;0xbbfd780
exe_string,anticheat,Error_AntiCheat_DeviceIdAuthIsNotSupported,ArkAscended.exe,utf16le,0xbbfe350;0xbbfe350
exe_string,anticheat,Error_AntiCheat_InvalidMode,ArkAscended.exe,utf16le,0xbbfd6c0;0xbbfd6c0
exe_string,anticheat,Error_AntiCheat_PeerAlreadyRegistered,ArkAscended.exe,utf16le,0xbbfddf0;0xbbfddf0
exe_string,anticheat,Error_AntiCheat_PeerNotFound,ArkAscended.exe,utf16le,0xbbfe000;0xbbfe000
exe_string,anticheat,Error_AntiCheat_PeerNotProtected,ArkAscended.exe,utf16le,0xbbfe280;0xbbfe280
exe_string,anticheat,Error_AntiCheat_ProtectMessageInitializationFailed,ArkAscended.exe,utf16le,0xbbfdf20;0xbbfdf20
exe_string,anticheat,Error_AntiCheat_ProtectMessageSessionKeyRequired,ArkAscended.exe,utf16le,0xbbfda30;0xbbfda30
exe_string,anticheat,Error_AntiCheat_ProtectMessageValidationFailed,ArkAscended.exe,utf16le,0xbbfdd10;0xbbfdd10
exe_string,anticheat,FEOSGameAntiCheat::DestroySession,ArkAscended.exe,ascii,0xbc05f18;0xbc05f18
exe_string,anticheat,FEOSGameAntiCheat::RegisterPlayer,ArkAscended.exe,ascii,0xbc05f40;0xbc05f40
exe_string,anticheat,FEOSGameAntiCheat::UnregisterPlayer,ArkAscended.exe,ascii,0xbc05f68;0xbc05f68
exe_string,anticheat,InternalAntiCheatViolation,ArkAscended.exe,utf16le,0xbc049c8;0xbc049c8
exe_string,anticheat,Misc.AnticheatProvider,ArkAscended.exe,utf16le,0xadd4d98;0xadd4d98
exe_string,anticheat,"Server Initializing with BattlEye Anti-Cheat Protection. If you do not wish to use BattlEye, please launch with -NoBattlEye",ArkAscended.exe,utf16le,0xc38f370
exe_string,anticheat,The DeploymentId provided to the anti-cheat client helper executable does not match what was used to initialize the EOS SDK,ArkAscended.exe,utf16le,0xbbfe100
exe_string,anticheat,The ProductId provided to the anti-cheat client helper executable does not match what was used to initialize the EOS SDK,ArkAscended.exe,utf16le,0xbbfd540
exe_string,anticheat,The SandboxId provided to the anti-cheat client helper executable does not match what was used to initialize the EOS SDK,ArkAscended.exe,utf16le,0xbbfd7d0
exe_string,anticheat,The anti-cheat client protection is not available. Check that the game was started using the correct launcher.,ArkAscended.exe,utf16le,0xbc0e210
exe_string,anticheat,The current anti-cheat mode is incorrect for using this API,ArkAscended.exe,utf16le,0xbbfd700
exe_string,anticheat,The remote machine is not running a compatible Anti-Cheat implementation,ArkAscended.exe,utf16le,0xbc12d60
exe_string,anticheat,You are not permitted to ask the remote machine to prove its Anti-Cheat status via a trusted client proof,ArkAscended.exe,utf16le,0xbc12e00
exe_string,anticheat,errors.com.redpoint.eos.anticheat.client_deployment_id_mismatch,ArkAscended.exe,utf16le,0xbbfe200;0xbbfe200
exe_string,anticheat,errors.com.redpoint.eos.anticheat.client_product_id_mismatch,ArkAscended.exe,utf16le,0xbbfd640;0xbbfd640
exe_string,anticheat,errors.com.redpoint.eos.anticheat.client_protection_not_available,ArkAscended.exe,utf16le,0xbbfd4b0;0xbbfd4b0
exe_string,anticheat,errors.com.redpoint.eos.anticheat.client_sandbox_id_mismatch,ArkAscended.exe,utf16le,0xbbfd8d0;0xbbfd8d0
exe_string,anticheat,errors.com.redpoint.eos.anticheat.device_id_auth_is_not_supported,ArkAscended.exe,utf16le,0xbbfe440;0xbbfe440
exe_string,anticheat,errors.com.redpoint.eos.anticheat.invalid_mode,ArkAscended.exe,utf16le,0xbbfd3f0;0xbbfd3f0
exe_string,anticheat,errors.com.redpoint.eos.anticheat.peer_already_registered,ArkAscended.exe,utf16le,0xbbfdea0;0xbbfdea0
exe_string,anticheat,errors.com.redpoint.eos.anticheat.peer_not_found,ArkAscended.exe,utf16le,0xbbfe090;0xbbfe090
exe_string,anticheat,errors.com.redpoint.eos.anticheat.peer_not_protected,ArkAscended.exe,utf16le,0xbbfdf90;0xbbfdf90
exe_string,anticheat,errors.com.redpoint.eos.anticheat.protect_message_initialization_failed,ArkAscended.exe,utf16le,0xbbfdc80;0xbbfdc80
exe_string,anticheat,errors.com.redpoint.eos.anticheat.protect_message_session_key_required,ArkAscended.exe,utf16le,0xbbfdb80;0xbbfdb80
exe_string,anticheat,errors.com.redpoint.eos.anticheat.protect_message_validation_failed,ArkAscended.exe,utf16le,0xbbfd9a0;0xbbfd9a0
exe_string,eos_session,.?AV<lambda_1>@?1??DestroySession@FOnlineSessionInterfaceEOS@@UEAA_NVFName@@AEBV?$TDelegate@$$A6AXVFName@@_N@ZUFDefaultDelegateUserPolicy@@@@@Z@,ArkAscended.exe,ascii,0xddd90a0
exe_string,eos_session,.?AV<lambda_1>@?1??EndSession@FOnlineSessionInterfaceEOS@@UEAA_NVFName@@@Z@,ArkAscended.exe,ascii,0xddd9040
exe_string,eos_session,.?AV<lambda_1>@?1??FindFriendSession@FOnlineSessionInterfaceEOS@@UEAA_NAEBVFUniqueNetId@@0@Z@,ArkAscended.exe,ascii,0xddd5880
exe_string,eos_session,.?AV<lambda_1>@?1??FindSessionById@FOnlineSessionInterfaceEOS@@UEAA_NAEBVFUniqueNetId@@00AEBV?$TDelegate@$$A6AXH_NAEBVFOnlineSessionSearchResult@@@ZUFDefaultDelegateUserPolicy@@@@@Z@,ArkAscended.exe,ascii,0xddd8e80
exe_string,eos_session,.?AV<lambda_1>@?1??FindSessions@FOnlineSessionInterfaceEOS@@UEAA_NAEBVFUniqueNetId@@AEBV?$TSharedRef@VFOnlineSessionSearch@@$00@@@Z@,ArkAscended.exe,ascii,0xddd8ca0
exe_string,eos_session,.?AV<lambda_1>@?1??RegisterEvents@FOnlineSessionInterfaceEOS@@AEAAXXZ@,ArkAscended.exe,ascii,0xddd8370
exe_string,eos_session,.?AV<lambda_1>@?1??RegisterPlayers@FOnlineSessionInterfaceEOS@@UEAA_NVFName@@AEBV?$TArray@V?$TSharedRef@$$CBVFUniqueNetId@@$00@@V?$TSizedDefaultAllocator@$0CA@@@@@_N@Z@,ArkAscended.exe,ascii,0xddd5640
exe_string,eos_session,.?AV<lambda_1>@?1??StartSession@FOnlineSessionInterfaceEOS@@UEAA_NVFName@@@Z@,ArkAscended.exe,ascii,0xddd87f0
exe_string,eos_session,.?AV<lambda_1>@?1??UnregisterPlayers@FOnlineSessionInterfaceEOS@@UEAA_NVFName@@AEBV?$TArray@V?$TSharedRef@$$CBVFUniqueNetId@@$00@@V?$TSizedDefaultAllocator@$0CA@@@@@@Z@,ArkAscended.exe,ascii,0xddd5700
exe_string,eos_session,.?AV<lambda_1>@?1??UpdateSessionInternal@FOnlineSessionInterfaceEOS@@AEAA_NVFName@@AEAVFOnlineSessionSettings@@_N@Z@,ArkAscended.exe,ascii,0xddd8980
exe_string,eos_session,.?AV<lambda_1>@?3??Handle_SessionAddressChanged@FOnlineSessionInterfaceEOS@@AEAAXPEAUEOS_ProductUserIdDetails@@AEBV?$TSharedRef@$$CBVFInternetAddr@@$00@@AEBV?$TArray@V?$TSharedPtr@VFInternetAddr@@$00@@V?$TSizedDefaultAllocator@$0CA@@@@@@Z@,ArkAscended.exe,ascii,0xddd8510
exe_string,eos_session,.?AV<lambda_1>@?3??Handle_SessionAddressClosed@FOnlineSessionInterfaceEOS@@AEAAXPEAUEOS_ProductUserIdDetails@@@Z@,ArkAscended.exe,ascii,0xddd8760
exe_string,eos_session,.?AV<lambda_1>@?4???R0?1??DestroySession@FOnlineSessionInterfaceEOS@@UEAA_NVFName@@AEBV?$TDelegate@$$A6AXVFName@@_N@ZUFDefaultDelegateUserPolicy@@@@@Z@QEBA@PEBU_tagEOS_Sessions_DestroySessionCallbackInfo@@@Z@,ArkAscended.exe,ascii,0xddd8f50
exe_string,eos_session,.?AV<lambda_1>@?4???R0?4??CreateSessionInternal@FOnlineSessionInterfaceEOS@@AEAA_NAEBVFUniqueNetId@@VFName@@AEBVFOnlineSessionSettings@@@Z@QEBA@PEBU_tagEOS_Sessions_UpdateSessionCallbackInfo@@@Z@,ArkAscended.exe,ascii,0xddd8bc0
exe_string,eos_session,.?AV<lambda_1>@?4??CreateSessionInternal@FOnlineSessionInterfaceEOS@@AEAA_NAEBVFUniqueNetId@@VFName@@AEBVFOnlineSessionSettings@@@Z@,ArkAscended.exe,ascii,0xddd8b20
exe_string,eos_session,.?AV<lambda_1>@?N@??JoinSession@FOnlineSessionInterfaceEOS@@UEAA_NAEBVFUniqueNetId@@VFName@@AEBVFOnlineSessionSearchResult@@AEBV?$TDelegate@$$A6AXVFName@@W4Type@EOnJoinSessionCompleteResult@@@ZUFDefaultDelegateUserPolicy@@@@@Z@,ArkAscended.exe,ascii,0xddd58f0
exe_string,eos_session,.?AV<lambda_2>@?1??RegisterEvents@FOnlineSessionInterfaceEOS@@AEAAXXZ@,ArkAscended.exe,ascii,0xddd8400
exe_string,eos_session,.?AV<lambda_2>@?1??RegisterPlayers@FOnlineSessionInterfaceEOS@@UEAA_NVFName@@AEBV?$TArray@V?$TSharedRef@$$CBVFUniqueNetId@@$00@@V?$TSizedDefaultAllocator@$0CA@@@@@_N@Z@,ArkAscended.exe,ascii,0xddd57c0
exe_string,eos_session,.?AV<lambda_2>@?1??UnregisterPlayers@FOnlineSessionInterfaceEOS@@UEAA_NVFName@@AEBV?$TArray@V?$TSharedRef@$$CBVFUniqueNetId@@$00@@V?$TSizedDefaultAllocator@$0CA@@@@@@Z@,ArkAscended.exe,ascii,0xddd5b00
exe_string,eos_session,.?AV<lambda_2>@?5???0FSyntheticPartySessionManager@@QEAA@VFName@@V?$TWeakPtr@VFOnlinePartySystemEOS@@$00@@V?$TWeakPtr@VFOnlineSessionInterfaceEOS@@$00@@V?$TWeakPtr@VFOnlineIdentityInterfaceEOS@@$00@@AEBV?$TSharedRef@VIRuntimePlatform@Core@EOS@Redpoint@@$00@@AEBV?$TSharedRef@VIConfig@Config@EOS@Redpoint@@$00@@@Z@,ArkAscended.exe,ascii,0xdddf270
exe_string,eos_session,.?AV<lambda_2>@?CF@??SendSessionInviteToFriend@FOnlineSessionInterfaceEOS@@UEAA_NAEBVFUniqueNetId@@VFName@@0@Z@,ArkAscended.exe,ascii,0xddd59f0
exe_string,eos_session,.?AV<lambda_3>@?1??RegisterEvents@FOnlineSessionInterfaceEOS@@AEAAXXZ@,ArkAscended.exe,ascii,0xddd8a10
exe_string,eos_session,FOnlineSessionInterfaceEOS::JoinSession,ArkAscended.exe,utf16le,0xbc20850
exe_string,eos_session,FOnlineSessionInterfaceEOS::RegisterPlayers,ArkAscended.exe,utf16le,0xbc20ab0
exe_string,eos_session,FOnlineSessionInterfaceEOS::SendSessionInviteToFriend,ArkAscended.exe,utf16le,0xbc20760
exe_string,eos_session,FOnlineSessionInterfaceEOS::SendSessionInviteToFriends,ArkAscended.exe,utf16le,0xbc209c0
exe_string,eos_session,FOnlineSessionInterfaceEOS::UnregisterPlayers,ArkAscended.exe,utf16le,0xbc208e0
exe_string,implant_id,BPCanImplantSuicide,ArkAscended.exe,ascii,0xc161e98
exe_string,implant_id,Implant,ArkAscended.exe,utf16le,0xc3bc6d0
exe_string,implant_id,ImplantSuicideCD,ArkAscended.exe,ascii;utf16le,0xc1a80e0;0xc1a9388
exe_string,implant_id,SetImplantSuicideCooldownStartTime,ArkAscended.exe,ascii,0xc164af0
exe_string,player_lookup,FindPlayerStateFromHashedUniqueID,ArkAscended.exe,ascii,0xc1a7c10
exe_string,player_lookup,GetPlayerStateFromUniqueNetId,ArkAscended.exe,ascii,0xb7cd450
exe_string,player_state,&APlayerState::OnPawnPrivateDestroyed,ArkAscended.exe,utf16le,0xb936230
exe_string,player_state,"A comma-delimited list of EPingType pings to enable, and (optionally) the EPingAverageType averaging to apply to the ping (e.g: ""RoundTrip=None,RoundTripExclFrame=PlayerStateAvg,ICMP=MovingAverage"").",ArkAscended.exe,utf16le,0xb8d23c0
exe_string,player_state,APlayerState,ArkAscended.exe,utf16le,0xb9364a8
exe_string,player_state,AShooterPlayerState,ArkAscended.exe,utf16le,0xc20e848
exe_string,player_state,BPAppliedToPlayerState,ArkAscended.exe,ascii;utf16le,0xc099aa0;0xc099ab8
exe_string,player_state,Controller.PlayerState,ArkAscended.exe,utf16le,0xae4c278
exe_string,player_state,EActorListsBP::AL_PLAYERSTATES,ArkAscended.exe,ascii,0xb495f38
exe_string,player_state,EPingAverageType::PlayerStateAvg,ArkAscended.exe,ascii,0xb5a2120
exe_string,player_state,FindPlayerStateFromHashedUniqueID,ArkAscended.exe,ascii,0xc1a7c10
exe_string,player_state,ForPlayerState,ArkAscended.exe,ascii,0xbe3dd28
exe_string,player_state,GameMode.PlayerStateClass,ArkAscended.exe,utf16le,0xae4c628
exe_string,player_state,GetNumPlayerStates,ArkAscended.exe,ascii,0xb7cd340
exe_string,player_state,GetPlayerState,ArkAscended.exe,ascii,0xb7cd3d8
exe_string,player_state,GetPlayerStateFromUniqueNetId,ArkAscended.exe,ascii,0xb7cd450
exe_string,player_state,InactivePlayerStateLifeSpan,ArkAscended.exe,ascii,0xb7cb840
exe_string,player_state,KilledPlayerState,ArkAscended.exe,ascii,0xc20cc90
exe_string,player_state,KillerPlayerState,ArkAscended.exe,ascii,0xc20cc60
exe_string,player_state,NO PlayerState,ArkAscended.exe,utf16le,0xb7919c8
exe_string,player_state,NewPlayerState,ArkAscended.exe,ascii,0xb936430
exe_string,player_state,OldPlayerState,ArkAscended.exe,ascii,0xb936480
exe_string,player_state,OnPlayerStatePawnSet__DelegateSignature,ArkAscended.exe,ascii,0xb935f08
exe_string,player_state,OnRep_PlayerState,ArkAscended.exe,ascii,0xb790320
exe_string,player_state,PauserPlayerState,ArkAscended.exe,ascii;utf16le,0xb66a2e0;0xb66a3c8
exe_string,player_state,Pawn.PlayerState,ArkAscended.exe,utf16le,0xae4cba8
exe_string,player_state,PlayerState,ArkAscended.exe,ascii;utf16le,0xb5e8770;0xb7913c8
exe_string,player_state,PlayerState is null,ArkAscended.exe,utf16le,0xb7cc940
exe_string,player_state,PlayerStateClass,ArkAscended.exe,ascii,0xb7cbd10
exe_string,player_state,PlayerStateIndex,ArkAscended.exe,ascii,0xb7cd3e8
exe_string,player_state,PlayerStateOwnsASASeasonPass1,ArkAscended.exe,ascii,0xc33e1f0
exe_string,player_state,PlayerStateOwnsAstraeos,ArkAscended.exe,ascii,0xc33e1a8
exe_string,player_state,PlayerStateOwnsBobsTallTales,ArkAscended.exe,ascii,0xc33e1c0
exe_string,player_state,PlayerStateOwnsDLC,ArkAscended.exe,ascii,0xc33e210
exe_string,player_state,PlayerStateOwnsDarkPegasus,ArkAscended.exe,ascii,0xc33e240
exe_string,player_state,PlayerStateOwnsFireLion,ArkAscended.exe,ascii,0xc33e228
exe_string,player_state,PlayerStateOwnsLostColony,ArkAscended.exe,ascii,0xc33e560
exe_string,player_state,PlayerStateOwnsShoulderDragon,ArkAscended.exe,ascii,0xc33e580
exe_string,player_state,PlayerStateOwnsSpiritBear,ArkAscended.exe,ascii,0xc33e520
exe_string,player_state,PlayerState_DefaultItemSlotClasses,ArkAscended.exe,ascii,0xc09a358
exe_string,player_state,PlayerState_DefaultItemSlotEngrams,ArkAscended.exe,ascii,0xc09a330
exe_string,player_state,PlayerState_DefaultItemSlotSkills,ArkAscended.exe,ascii,0xc09a308
exe_string,player_state,PlayerState_EngramBlueprints,ArkAscended.exe,ascii,0xc09a3b8
exe_string,player_state,PlayerState_FreeSkillPoints,ArkAscended.exe,ascii,0xc09a5b0
exe_string,player_state,PlayerState_PurchasedEngramPoints,ArkAscended.exe,ascii,0xc09a058
exe_string,player_state,PlayerState_TotalEngramPoints,ArkAscended.exe,ascii,0xc09a080
exe_string,player_state,PlayerState_TotalSkillPoints,ArkAscended.exe,ascii,0xc09a5d0
exe_string,player_state,PlayerStates,ArkAscended.exe,ascii,0xbe7b810
exe_string,player_state,PlayerStates_Key,ArkAscended.exe,ascii,0xbe7b820
exe_string,player_state,RegisterWithPlayerState,ArkAscended.exe,ascii,0xb9ed838
exe_string,player_state,RelatedPlayerState_1,ArkAscended.exe,ascii,0xb8a1ad8
exe_string,player_state,RelatedPlayerState_2,ArkAscended.exe,ascii,0xb8a1ac0
exe_string,player_state,SenderPlayerState,ArkAscended.exe,ascii,0xb920790
exe_string,player_state,ServerFixScoutPlayerState,ArkAscended.exe,ascii;utf16le,0xc1dd5d0;0xc1dd598
exe_string,player_state,UPlayerStateCountLimiterConfig,ArkAscended.exe,utf16le,0xb7c9330
exe_string,player_state,UsedPlayerState,ArkAscended.exe,ascii,0xc33f598
exe_string,player_state,bWantsPlayerState,ArkAscended.exe,ascii,0xbc8b768
exe_string,player_state,ignorePlayerState,ArkAscended.exe,ascii,0xc099cc0
exe_string,player_state,playerState,ArkAscended.exe,ascii,0xc33e1e0
exe_string,session_dump,DumpOnlineSessionState,ArkAscended.exe,ascii,0xb6fd948
exe_string,session_list,&UUI_ListSessions::OnAutoFavoriteChecked,ArkAscended.exe,utf16le,0xc3aa440
exe_string,session_list,&UUI_ListSessions::OnCheckBoxChecked,ArkAscended.exe,utf16le,0xc3aa790
exe_string,session_list,&UUI_ListSessions::OnDLCConfirmationDialogClosed,ArkAscended.exe,utf16le,0xc3aa5c0
exe_string,session_list,&UUI_ListSessions::OnGameModeComboBoxSelectionChanged,ArkAscended.exe,utf16le,0xc3aa9d0
exe_string,session_list,&UUI_ListSessions::OnMapComboBoxSelectionChanged,ArkAscended.exe,utf16le,0xc3aa870
exe_string,session_list,&UUI_ListSessions::OnServersFilterComboBoxSelectionChanged,ArkAscended.exe,utf16le,0xc3aa4d0
exe_string,session_list,&UUI_ListSessions::OnSortComboBoxSelectionChanged,ArkAscended.exe,utf16le,0xc3aa550
exe_string,session_list,&UUI_ListSessions::OnTextChanged,ArkAscended.exe,utf16le,0xc3aa3a0
exe_string,session_list,&UUI_ListSessions::OnTextCommitted,ArkAscended.exe,utf16le,0xc3aa3f0
exe_string,session_list,&UUI_ListSessions::SlotButtonSelected,ArkAscended.exe,utf16le,0xc3aaa80
exe_string,session_list,ListSessionsButtonBackground,ArkAscended.exe,ascii,0xc406140
exe_string,session_list,ListSessionsName,ArkAscended.exe,ascii,0xc2d1b78
exe_string,session_list,ListSessionsUITemplate,ArkAscended.exe,ascii,0xc2caae0
exe_string,session_list,UUI_ClusterServersListSessions,ArkAscended.exe,utf16le,0xc2a0580
exe_string,session_list,UUI_ListSessions,ArkAscended.exe,utf16le,0xc2ce8a0
exe_string,steam_identity,steam.id,ArkAscended.exe,utf16le,0xc5b5700
exe_string,steam_identity,steam.sessionTicket,ArkAscended.exe,utf16le,0xc5b5750
exe_string,steam_identity,steam.sessionTicket.base64,ArkAscended.exe,utf16le,0xc5b5778
exe_string,unique_net_id,%s [UniqueNetId:%s Platform:%s] joined this ARK!,ArkAscended.exe,utf16le,0xc395e50
exe_string,unique_net_id,%s [UniqueNetId:%s Platform:%s] left this ARK!,ArkAscended.exe,utf16le,0xc396020
exe_string,unique_net_id,.?AV<lambda_1>@?1???R0?1??ConnectLobby@FOnlineLobbyInterfaceEOS@@UEAA_NAEBVFUniqueNetId@@AEBVFOnlinePartyId@@V?$TDelegate@$$A6AXAEBUFOnlineError@@AEBVFUniqueNetId@@AEBV?$TSharedPtr@VFOnlineLobby@@$00@@@ZUFDefaultDelegateUserPolicy@@@@@Z@QEBA@AEBV?$TSharedRef@VFOnlineLobbyInterfaceEOS@@$00@@AEBV?$TSharedRef@$$CBVFUniqueNetIdEOS@@$00@@AEBVFEOSLobbyDetailsHandle@@AEBV5@@Z@,ArkAscended.exe,ascii,0xddd2da0
exe_string,unique_net_id,.?AV<lambda_1>@?1???R0?7???R0?1??CreateLobby@FOnlineLobbyInterfaceEOS@@UEAA_NAEBVFUniqueNetId@@AEBVFOnlineLobbyTransaction@@V?$TDelegate@$$A6AXAEBUFOnlineError@@AEBVFUniqueNetId@@AEBV?$TSharedPtr@VFOnlineLobby@@$00@@@ZUFDefaultDelegateUserPolicy@@@@@Z@QEBA@PEBU_tagEOS_Lobby_CreateLobbyCallbackInfo@@@Z@QEBA@AEBV?$function@$$A6AXXZ@std@@@Z@,ArkAscended.exe,ascii,0xddd1960
exe_string,unique_net_id,.?AV<lambda_1>@?1??CacheFriends@FOnlineFriendsInterfaceEAS@@AEAAXAEBVFUniqueNetIdEAS@@AEBV?$TDelegate@$$A6AXXZUFDefaultDelegateUserPolicy@@@@@Z@,ArkAscended.exe,ascii,0xddca1e0
exe_string,unique_net_id,.?AV<lambda_1>@?1??Checkout@FOnlinePurchaseInterfaceEAS@@UEAAXAEBVFUniqueNetId@@AEBVFPurchaseCheckoutRequest@@AEBV?$TDelegate@$$A6AXAEBUFOnlineError@@AEBV?$TSharedRef@VFPurchaseReceipt@@$00@@@ZUFDefaultDelegateUserPolicy@@@@@Z@,ArkAscended.exe,ascii,0xddc8ff0
exe_string,unique_net_id,.?AV<lambda_1>@?1??ConvertUniqueNetIdStringToNativePlatformIds@FOnlineIdentityInterfaceEOS@@UEAA_NAEBVFString@@0V?$TDelegate@$$A6AXAEBV?$TSharedRef@$$CBVFUniqueNetId@@$00@@@ZUFDefaultDelegateUserPolicy@@@@@Z@,ArkAscended.exe,ascii,0xddcca80
exe_string,unique_net_id,.?AV<lambda_1>@?1??CopyLobbyDetailsHandle@FOnlineLobbyInterfaceEOS@@AEAA?AW4EOS_EResult@@AEBVFUniqueNetId@@AEBVFOnlinePartyId@@AEAVFEOSLobbyDetailsHandle@@@Z@,ArkAscended.exe,ascii,0xddd3480
exe_string,unique_net_id,.?AV<lambda_1>@?1??CreateLobby@FOnlineLobbyInterfaceEOS@@UEAA_NAEBVFUniqueNetId@@AEBVFOnlineLobbyTransaction@@V?$TDelegate@$$A6AXAEBUFOnlineError@@AEBVFUniqueNetId@@AEBV?$TSharedPtr@VFOnlineLobby@@$00@@@ZUFDefaultDelegateUserPolicy@@@@@Z@,ArkAscended.exe,ascii,0xddd2240
exe_string,unique_net_id,.?AV<lambda_1>@?1??CreateParty@FOnlinePartySystemEOS@@UEAA_NAEBVFUniqueNetId@@VFOnlinePartyTypeId@@AEBUFPartyConfiguration@@AEBV?$TDelegate@$$A6AXAEBVFUniqueNetId@@AEBV?$TSharedPtr@$$CBVFOnlinePartyId@@$00@@W4ECreatePartyCompletionResult@@@ZUFDefaultDelegateUserPolicy@@@@@Z@,ArkAscended.exe,ascii,0xddd6050
exe_string,unique_net_id,.?AV<lambda_1>@?1??CreateSyntheticSession@FSyntheticPartySessionManager@@QEAAXAEBV?$TSharedPtr@$$CBVFUniqueNetIdEOSSession@@$00@@AEBV?$TDelegate@$$A6AXAEBUFOnlineError@@@ZUFDefaultDelegateUserPolicy@@@@@Z@,ArkAscended.exe,ascii,0xdddb7d0
exe_string,unique_net_id,.?AV<lambda_1>@?1??DeleteLobby@FOnlineLobbyInterfaceEOS@@UEAA_NAEBVFUniqueNetId@@AEBVFOnlinePartyId@@V?$TDelegate@$$A6AXAEBUFOnlineError@@AEBVFUniqueNetId@@@ZUFDefaultDelegateUserPolicy@@@@@Z@,ArkAscended.exe,ascii,0xddd2b80
exe_string,unique_net_id,.?AV<lambda_1>@?1??DeleteSyntheticSession@FSyntheticPartySessionManager@@QEAAXAEBV?$TSharedPtr@$$CBVFUniqueNetIdEOSSession@@$00@@AEBV?$TDelegate@$$A6AXAEBUFOnlineError@@@ZUFDefaultDelegateUserPolicy@@@@@Z@,ArkAscended.exe,ascii,0xdddb940
exe_string,unique_net_id,.?AV<lambda_1>@?1??DeleteUserFile@FOnlineUserCloudInterfaceEOS@@UEAA_NAEBVFUniqueNetId@@AEBVFString@@_N2@Z@,ArkAscended.exe,ascii,0xdddde10
exe_string,unique_net_id,.?AV<lambda_1>@?1??DisconnectLobby@FOnlineLobbyInterfaceEOS@@UEAA_NAEBVFUniqueNetId@@AEBVFOnlinePartyId@@V?$TDelegate@$$A6AXAEBUFOnlineError@@AEBVFUniqueNetId@@@ZUFDefaultDelegateUserPolicy@@@@@Z@,ArkAscended.exe,ascii,0xddd2980
exe_string,unique_net_id,.?AV<lambda_1>@?1??DoLeaveParty@FOnlinePartySystemEOS@@AEAA_NAEBVFUniqueNetId@@AEBVFOnlinePartyId@@_NAEBV?$TDelegate@$$A6AXAEBVFUniqueNetId@@AEBVFOnlinePartyId@@W4ELeavePartyCompletionResult@@@ZUFDefaultDelegateUserPolicy@@@@@Z@,ArkAscended.exe,ascii,0xddd6700
exe_string,unique_net_id,.?AV<lambda_1>@?1??EOS_LoadAccountInformation@FOnlineIdentityInterfaceEOS@@AEAAXAEBV?$TSharedPtr@$$CBVFUniqueNetIdEOS@@$00@@AEBV?$TMap@VFString@@V1@VFDefaultSetAllocator@@U?$TDefaultMapHashableKeyFuncs@VFString@@V1@$0A@@@@@AEBV?$TDelegate@$$A6AXV?$TSharedPtr@VFUserOnlineAccount@@$00@@@ZUFDefaultDelegateUserPolicy@@@@@Z@,ArkAscended.exe,ascii,0xddd0020
exe_string,unique_net_id,.?AV<lambda_1>@?1??EnumerateUserFiles@FOnlineUserCloudInterfaceEOS@@UEAAXAEBVFUniqueNetId@@@Z@,ArkAscended.exe,ascii,0xdddd940
exe_string,unique_net_id,.?AV<lambda_1>@?1??FetchExternalTokenFromEndpoint@FOnlineIdentityInterfaceEOS@@UEAA_NAEBV?$TSharedRef@$$CBVFUniqueNetId@@$00@@AEBVFString@@V?$TDelegate@$$A6AXAEBVFString@@W4Type@EExternalAuthEnvironment@@@ZUFDefaultDelegateUserPolicy@@@@@Z@,ArkAscended.exe,ascii,0xddccf40
exe_string,unique_net_id,.?AV<lambda_1>@?1??FinalizeReceiptValidationInfo@FOnlinePurchaseInterfaceEAS@@UEAAXAEBVFUniqueNetId@@AEAVFString@@AEBV?$TDelegate@$$A6AXAEBUFOnlineError@@AEBVFString@@@ZUFDefaultDelegateUserPolicy@@@@@Z@,ArkAscended.exe,ascii,0xddc9190
exe_string,unique_net_id,.?AV<lambda_1>@?1??FindFriendSession@FOnlineSessionInterfaceEOS@@UEAA_NAEBVFUniqueNetId@@0@Z@,ArkAscended.exe,ascii,0xddd5880
exe_string,unique_net_id,.?AV<lambda_1>@?1??FindSessionById@FOnlineSessionInterfaceEOS@@UEAA_NAEBVFUniqueNetId@@00AEBV?$TDelegate@$$A6AXH_NAEBVFOnlineSessionSearchResult@@@ZUFDefaultDelegateUserPolicy@@@@@Z@,ArkAscended.exe,ascii,0xddd8e80
exe_string,unique_net_id,.?AV<lambda_1>@?1??FindSessions@FOnlineSessionInterfaceEOS@@UEAA_NAEBVFUniqueNetId@@AEBV?$TSharedRef@VFOnlineSessionSearch@@$00@@@Z@,ArkAscended.exe,ascii,0xddd8ca0
exe_string,unique_net_id,.?AV<lambda_1>@?1??Get@?$TBaseUserImplementation@VFOnlineBlockedPlayerEOS@@VFOnlineBlockedPlayer@@@@SAXAEBV?$TSharedRef@VFEOSUserFactory@@$00@@AEBV?$TSharedRef@$$CBVFUniqueNetIdEOS@@$00@@AEBV?$TArray@V?$TSharedRef@$$CBVFUniqueNetIdEOS@@$00@@V?$TSizedDefaultAllocator@$0CA@@@@@V?$function@$$A6AXAEBV?$TUserIdMap@V?$TSharedPtr@VFOnlineBlockedPlayerEOS@@$00@@@@@Z@std@@@Z@,ArkAscended.exe,ascii,0xddcbcf0
exe_string,unique_net_id,.?AV<lambda_1>@?1??Get@?$TBaseUserImplementation@VFOnlineRecentPlayerEOS@@VFOnlineRecentPlayer@@@@SAXAEBV?$TSharedRef@VFEOSUserFactory@@$00@@AEBV?$TSharedRef@$$CBVFUniqueNetIdEOS@@$00@@AEBV?$TArray@V?$TSharedRef@$$CBVFUniqueNetIdEOS@@$00@@V?$TSizedDefaultAllocator@$0CA@@@@@V?$function@$$A6AXAEBV?$TUserIdMap@V?$TSharedPtr@VFOnlineRecentPlayerEOS@@$00@@@@@Z@std@@@Z@,ArkAscended.exe,ascii,0xddcbb70
exe_string,unique_net_id,.?AV<lambda_1>@?1??Get@?$TBaseUserImplementation@VFOnlineUserEOS@@VFOnlineUser@@@@SAXAEBV?$TSharedRef@VFEOSUserFactory@@$00@@AEBV?$TSharedRef@$$CBVFUniqueNetIdEOS@@$00@@AEBV?$TArray@V?$TSharedRef@$$CBVFUniqueNetIdEOS@@$00@@V?$TSizedDefaultAllocator@$0CA@@@@@V?$function@$$A6AXAEBV?$TUserIdMap@V?$TSharedPtr@VFOnlineUserEOS@@$00@@@@@Z@std@@@Z@,ArkAscended.exe,ascii,0xddcb5a0
exe_string,unique_net_id,.?AV<lambda_1>@?1??Get@?$TBaseUserImplementation@VFUserOnlineAccountEOS@@VFUserOnlineAccount@@@@SAXAEBV?$TSharedRef@VFEOSUserFactory@@$00@@AEBV?$TSharedRef@$$CBVFUniqueNetIdEOS@@$00@@AEBV?$TArray@V?$TSharedRef@$$CBVFUniqueNetIdEOS@@$00@@V?$TSizedDefaultAllocator@$0CA@@@@@V?$function@$$A6AXAEBV?$TUserIdMap@V?$TSharedPtr@VFUserOnlineAccountEOS@@$00@@@@@Z@std@@@Z@,ArkAscended.exe,ascii,0xddcb710
exe_string,unique_net_id,.?AV<lambda_1>@?1??GetUnresolved@FEOSUserFactory@@QEAA?AV?$TUserIdMap@V?$TSharedPtr@VIEOSUser@@$00@@@@AEBV?$TSharedRef@$$CBVFUniqueNetIdEOS@@$00@@AEBV?$TArray@V?$TSharedRef@$$CBVFUniqueNetIdEOS@@$00@@V?$TSizedDefaultAllocator@$0CA@@@@@P6A?AV?$TSharedRef@VIEOSUser@@$00@@0@Z@Z@,ArkAscended.exe,ascii,0xddddce0
exe_string,unique_net_id,.?AV<lambda_1>@?1??HasSyntheticSession@FSyntheticPartySessionManager@@QEAA_NAEBV?$TSharedPtr@$$CBVFUniqueNetIdEOSSession@@$00@@@Z@,ArkAscended.exe,ascii,0xdddb5b0
exe_string,unique_net_id,.?AV<lambda_1>@?1??KickMember@FOnlineLobbyInterfaceEOS@@UEAA_NAEBVFUniqueNetId@@AEBVFOnlinePartyId@@0V?$TDelegate@$$A6AXAEBUFOnlineError@@AEBVFUniqueNetId@@@ZUFDefaultDelegateUserPolicy@@@@@Z@,ArkAscended.exe,ascii,0xddd2fd0
exe_string,unique_net_id,.?AV<lambda_1>@?1??KickMember@FOnlinePartySystemEOS@@UEAA_NAEBVFUniqueNetId@@AEBVFOnlinePartyId@@0AEBV?$TDelegate@$$A6AXAEBVFUniqueNetId@@AEBVFOnlinePartyId@@0W4EKickMemberCompletionResult@@@ZUFDefaultDelegateUserPolicy@@@@@Z@,ArkAscended.exe,ascii,0xddd7890
exe_string,unique_net_id,.?AV<lambda_1>@?1??KickParticipant@FOnlineVoiceAdminInterfaceEOS@@UEAA_NAEBVFUniqueNetId@@AEBVFString@@0V?$TDelegate@$$A6AXAEBUFOnlineError@@AEBVFUniqueNetId@@1@ZUFDefaultDelegateUserPolicy@@@@@Z@,ArkAscended.exe,ascii,0xddde450
exe_string,unique_net_id,.?AV<lambda_1>@?1??PromoteMember@FOnlinePartySystemEOS@@UEAA_NAEBVFUniqueNetId@@AEBVFOnlinePartyId@@0AEBV?$TDelegate@$$A6AXAEBVFUniqueNetId@@AEBVFOnlinePartyId@@0W4EPromoteMemberCompletionResult@@@ZUFDefaultDelegateUserPolicy@@@@@Z@,ArkAscended.exe,ascii,0xddd7a30
exe_string,unique_net_id,.?AV<lambda_1>@?1??QueryAchievementDescriptions@FOnlineAchievementsInterfaceEOS@@UEAAXAEBVFUniqueNetId@@AEBV?$TDelegate@$$A6AXAEBVFUniqueNetId@@_N@ZUFDefaultDelegateUserPolicy@@@@@Z@,ArkAscended.exe,ascii,0xddcd5f0
exe_string,unique_net_id,.?AV<lambda_1>@?1??QueryAchievements@FOnlineAchievementsInterfaceEOS@@UEAAXAEBVFUniqueNetId@@AEBV?$TDelegate@$$A6AXAEBVFUniqueNetId@@_N@ZUFDefaultDelegateUserPolicy@@@@@Z@,ArkAscended.exe,ascii,0xddcd470
exe_string,unique_net_id,.?AV<lambda_1>@?1??QueryExternalIdMappings@FOnlineUserInterfaceEOS@@UEAA_NAEBVFUniqueNetId@@AEBUFExternalIdQueryOptions@@AEBV?$TArray@VFString@@V?$TSizedDefaultAllocator@$0CA@@@@@AEBV?$TDelegate@$$A6AX_NAEBVFUniqueNetId@@AEBUFExternalIdQueryOptions@@AEBV?$TArray@VFString@@V?$TSizedDefaultAllocator@$0CA@@@@@AEBVFString@@@ZUFDefaultDelegateUserPolicy@@@@@Z@,ArkAscended.exe,ascii,0xddde530
exe_string,unique_net_id,.?AV<lambda_1>@?1??QueryOffersByFilter@FOnlineStoreInterfaceV2EAS@@UEAAXAEBVFUniqueNetId@@AEBVFOnlineStoreFilter@@AEBV?$TDelegate@$$A6AX_NAEBV?$TArray@VFString@@V?$TSizedDefaultAllocator@$0CA@@@@@AEBVFString@@@ZUFDefaultDelegateUserPolicy@@@@@Z@,ArkAscended.exe,ascii,0xddc98c0
exe_string,unique_net_id,.?AV<lambda_1>@?1??QueryPresence@FOnlinePresenceInterfaceEAS@@UEAAXAEBVFUniqueNetId@@AEBV?$TArray@V?$TSharedRef@$$CBVFUniqueNetId@@$00@@V?$TSizedDefaultAllocator@$0CA@@@@@AEBV?$TDelegate@$$A6AXAEBVFUniqueNetId@@_N@ZUFDefaultDelegateUserPolicy@@@@@Z@,ArkAscended.exe,ascii,0xddc9480
exe_string,unique_net_id,.?AV<lambda_1>@?1??QueryPresence@FOnlinePresenceInterfaceSynthetic@@UEAAXAEBVFUniqueNetId@@AEBV?$TArray@V?$TSharedRef@$$CBVFUniqueNetId@@$00@@V?$TSizedDefaultAllocator@$0CA@@@@@AEBV?$TDelegate@$$A6AXAEBVFUniqueNetId@@_N@ZUFDefaultDelegateUserPolicy@@@@@Z@,ArkAscended.exe,ascii,0xddd7c40
exe_string,unique_net_id,.?AV<lambda_1>@?1??QueryUserIdMapping@FOnlineUserInterfaceEAS@@UEAA_NAEBVFUniqueNetId@@AEBVFString@@AEBV?$TDelegate@$$A6AX_NAEBVFUniqueNetId@@AEBVFString@@12@ZUFDefaultDelegateUserPolicy@@@@@Z@,ArkAscended.exe,ascii,0xddc9750
exe_string,unique_net_id,.?AV<lambda_1>@?1??QueryUserInfo@FOnlineUserInterfaceEOS@@UEAA_NHAEBV?$TArray@V?$TSharedRef@$$CBVFUniqueNetId@@$00@@V?$TSizedDefaultAllocator@$0CA@@@@@@Z@,ArkAscended.exe,ascii,0xddddc30
exe_string,unique_net_id,.?AV<lambda_1>@?1??ReadLeaderboardsWithLocalUserContext@FOnlineLeaderboardsInterfaceEOS@@AEAA_NAEBV?$TSharedRef@$$CBVFUniqueNetIdEOS@@$00@@AEBV?$TArray@V?$TSharedRef@$$CBVFUniqueNetId@@$00@@V?$TSizedDefaultAllocator@$0CA@@@@@AEAV?$TSharedRef@VFOnlineLeaderboardRead@@$00@@@Z@,ArkAscended.exe,ascii,0xddcd050
exe_string,unique_net_id,.?AV<lambda_1>@?1??RegisterPlayers@FOnlineSessionInterfaceEOS@@UEAA_NVFName@@AEBV?$TArray@V?$TSharedRef@$$CBVFUniqueNetId@@$00@@V?$TSizedDefaultAllocator@$0CA@@@@@_N@Z@,ArkAscended.exe,ascii,0xddd5640
exe_string,unique_net_id,.?AV<lambda_1>@?1??RestoreInvites@FOnlinePartySystemEOS@@UEAAXAEBVFUniqueNetId@@AEBV?$TDelegate@$$A6AXAEBVFUniqueNetId@@AEBUFOnlineError@@@ZUFDefaultDelegateUserPolicy@@@@@Z@,ArkAscended.exe,ascii,0xddd62e0
exe_string,unique_net_id,.?AV<lambda_1>@?1??RestoreParties@FOnlinePartySystemEOS@@UEAAXAEBVFUniqueNetId@@AEBV?$TDelegate@$$A6AXAEBVFUniqueNetId@@AEBUFOnlineError@@@ZUFDefaultDelegateUserPolicy@@@@@Z@,ArkAscended.exe,ascii,0xddd6180
exe_string,unique_net_id,.?AV<lambda_1>@?1??Search@FOnlineLobbyInterfaceEOS@@UEAA_NAEBVFUniqueNetId@@AEBVFOnlineLobbySearchQuery@@V?$TDelegate@$$A6AXAEBUFOnlineError@@AEBVFUniqueNetId@@AEBV?$TArray@V?$TSharedRef@$$CBVFOnlinePartyId@@$00@@V?$TSizedDefaultAllocator@$0CA@@@@@@ZUFDefaultDelegateUserPolicy@@@@@Z@,ArkAscended.exe,ascii,0xddd31c0
exe_string,unique_net_id,.?AV<lambda_1>@?1??SetParticipantHardMute@FOnlineVoiceAdminInterfaceEOS@@UEAA_NAEBVFUniqueNetId@@AEBVFString@@0_NV?$TDelegate@$$A6AXAEBUFOnlineError@@AEBVFUniqueNetId@@1_N@ZUFDefaultDelegateUserPolicy@@@@@Z@,ArkAscended.exe,ascii,0xdddeda0
exe_string,unique_net_id,.?AV<lambda_1>@?1??SetPresence@FOnlinePresenceInterfaceEAS@@UEAAXAEBVFUniqueNetId@@AEBVFOnlineUserPresenceStatus@@AEBV?$TDelegate@$$A6AXAEBVFUniqueNetId@@_N@ZUFDefaultDelegateUserPolicy@@@@@Z@,ArkAscended.exe,ascii,0xddc8c40
exe_string,unique_net_id,.?AV<lambda_1>@?1??SetPresence@FOnlinePresenceInterfaceSynthetic@@UEAAXAEBVFUniqueNetId@@AEBVFOnlineUserPresenceStatus@@AEBV?$TDelegate@$$A6AXAEBVFUniqueNetId@@_N@ZUFDefaultDelegateUserPolicy@@@@@Z@,ArkAscended.exe,ascii,0xddd8290
exe_string,unique_net_id,.?AV<lambda_1>@?1??UnregisterPlayers@FOnlineSessionInterfaceEOS@@UEAA_NVFName@@AEBV?$TArray@V?$TSharedRef@$$CBVFUniqueNetId@@$00@@V?$TSizedDefaultAllocator@$0CA@@@@@@Z@,ArkAscended.exe,ascii,0xddd5700
exe_string,unique_net_id,.?AV<lambda_1>@?1??UpdateLobby@FOnlineLobbyInterfaceEOS@@UEAA_NAEBVFUniqueNetId@@AEBVFOnlinePartyId@@AEBVFOnlineLobbyTransaction@@V?$TDelegate@$$A6AXAEBUFOnlineError@@AEBVFUniqueNetId@@@ZUFDefaultDelegateUserPolicy@@@@@Z@,ArkAscended.exe,ascii,0xddd2150
exe_string,unique_net_id,.?AV<lambda_1>@?1??UpdateMemberSelf@FOnlineLobbyInterfaceEOS@@UEAA_NAEBVFUniqueNetId@@AEBVFOnlinePartyId@@AEBVFOnlineLobbyMemberTransaction@@V?$TDelegate@$$A6AXAEBUFOnlineError@@AEBVFUniqueNetId@@@ZUFDefaultDelegateUserPolicy@@@@@Z@,ArkAscended.exe,ascii,0xddd32f0
exe_string,unique_net_id,.?AV<lambda_1>@?1??UpdateParty@FOnlinePartySystemEOS@@UEAA_NAEBVFUniqueNetId@@AEBVFOnlinePartyId@@AEBUFPartyConfiguration@@_NAEBV?$TDelegate@$$A6AXAEBVFUniqueNetId@@AEBVFOnlinePartyId@@W4EUpdateConfigCompletionResult@@@ZUFDefaultDelegateUserPolicy@@@@@Z@,ArkAscended.exe,ascii,0xddd5f40
exe_string,unique_net_id,.?AV<lambda_1>@?1??UpdatePartyData@FOnlinePartySystemEOS@@UEAA_NAEBVFUniqueNetId@@AEBVFOnlinePartyId@@AEBVFName@@AEBVFOnlinePartyData@@@Z@,ArkAscended.exe,ascii,0xddd7990
exe_string,unique_net_id,.?AV<lambda_1>@?1??UpdatePartyMemberData@FOnlinePartySystemEOS@@UEAA_NAEBVFUniqueNetId@@AEBVFOnlinePartyId@@AEBVFName@@AEBVFOnlinePartyData@@@Z@,ArkAscended.exe,ascii,0xddd74d0
exe_string,unique_net_id,.?AV<lambda_1>@?1??UpdateStats@FOnlineStatsInterfaceEOS@@UEAAXV?$TSharedRef@$$CBVFUniqueNetId@@$00@@AEBV?$TArray@U?$FOnlineUserStatsPair@UFOnlineStatUpdate@@@@V?$TSizedDefaultAllocator@$0CA@@@@@AEBV?$TDelegate@$$A6AXAEBUFOnlineError@@@ZUFDefaultDelegateUserPolicy@@@@@Z@,ArkAscended.exe,ascii,0xdddd110
exe_string,unique_net_id,.?AV<lambda_1>@?1??UserIsStoreUser@FOnlineIdentityInterfaceEOS@@UEAA_NAEBV?$TSharedRef@$$CBVFUniqueNetId@@$00@@@Z@,ArkAscended.exe,ascii,0xddcceb0
exe_string,unique_net_id,.?AV<lambda_1>@?4???R0?1??CacheFriends@FOnlineFriendsInterfaceEAS@@AEAAXAEBVFUniqueNetIdEAS@@AEBV?$TDelegate@$$A6AXXZUFDefaultDelegateUserPolicy@@@@@Z@QEBA_NPEAUEOS_EpicAccountIdDetails@@AEBV?$function@$$A6AXPEAU_tagEOS_UserInfo@@@Z@std@@@Z@,ArkAscended.exe,ascii,0xddca690
exe_string,unique_net_id,.?AV<lambda_1>@?4???R0?1??CreateParty@FOnlinePartySystemEOS@@UEAA_NAEBVFUniqueNetId@@VFOnlinePartyTypeId@@AEBUFPartyConfiguration@@AEBV?$TDelegate@$$A6AXAEBVFUniqueNetId@@AEBV?$TSharedPtr@$$CBVFOnlinePartyId@@$00@@W4ECreatePartyCompletionResult@@@ZUFDefaultDelegateUserPolicy@@@@@Z@QEBA@AEBV?$function@$$A6AXXZ@std@@@Z@,ArkAscended.exe,ascii,0xddd5c60
exe_string,unique_net_id,.?AV<lambda_1>@?4???R0?1??QueryBlockedPlayers@FOnlineFriendsInterfaceSynthetic@@UEAA_NAEBVFUniqueNetId@@@Z@QEBA@_N@Z@,ArkAscended.exe,ascii,0xddcfbe0
exe_string,unique_net_id,.?AV<lambda_1>@?4???R0?1??QueryEntitlements@FOnlineEntitlementsInterfaceEAS@@QEAA_NAEBVFUniqueNetId@@AEBVFString@@AEBVFPagedQuery@@AEBV?$TDelegate@$$A6AX_NAEBVFUniqueNetId@@AEBVFString@@2@ZUFDefaultDelegateUserPolicy@@@@@Z@QEBA@_NAEBV?$TArray@VFString@@V?$TSizedDefaultAllocator@$0CA@@@@@1@Z@,ArkAscended.exe,ascii,0xddca4b0
exe_string,unique_net_id,.?AV<lambda_1>@?4???R0?1??QueryPresence@FOnlinePresenceInterfaceEAS@@UEAAXAEBVFUniqueNetId@@AEBV?$TArray@V?$TSharedRef@$$CBVFUniqueNetId@@$00@@V?$TSizedDefaultAllocator@$0CA@@@@@AEBV?$TDelegate@$$A6AXAEBVFUniqueNetId@@_N@ZUFDefaultDelegateUserPolicy@@@@@Z@QEBA@AEBV?$TSharedRef@$$CBVFUniqueNetIdEAS@@$00@@AEBV?$function@$$A6AX_N@Z@std@@@Z@,ArkAscended.exe,ascii,0xddc9310
exe_string,unique_net_id,.?AV<lambda_1>@?4???R0?1??QueryRecentPlayers@FOnlineFriendsInterfaceSynthetic@@UEAA_NAEBVFUniqueNetId@@AEBVFString@@@Z@QEBA@_N@Z@,ArkAscended.exe,ascii,0xddcfe70
exe_string,unique_net_id,.?AV<lambda_1>@?4???R0?1??UpdateStats@FOnlineStatsInterfaceEOS@@UEAAXV?$TSharedRef@$$CBVFUniqueNetId@@$00@@AEBV?$TArray@U?$FOnlineUserStatsPair@UFOnlineStatUpdate@@@@V?$TSizedDefaultAllocator@$0CA@@@@@AEBV?$TDelegate@$$A6AXAEBUFOnlineError@@@ZUFDefaultDelegateUserPolicy@@@@@Z@QEBA@U?$FOnlineUserStatsPair@UFOnlineStatUpdate@@@@AEBV?$function@$$A6AX_N@Z@std@@@Z@,ArkAscended.exe,ascii,0xdddd610
exe_string,unique_net_id,.?AV<lambda_1>@?4???R0?4???R0?1??CreateParty@FOnlinePartySystemEOS@@UEAA_NAEBVFUniqueNetId@@VFOnlinePartyTypeId@@AEBUFPartyConfiguration@@AEBV?$TDelegate@$$A6AXAEBVFUniqueNetId@@AEBV?$TSharedPtr@$$CBVFOnlinePartyId@@$00@@W4ECreatePartyCompletionResult@@@ZUFDefaultDelegateUserPolicy@@@@@Z@QEBA@AEBV?$function@$$A6AXXZ@std@@@Z@QEBA@PEBU_tagEOS_Lobby_CreateLobbyCallbackInfo@@@Z@,ArkAscended.exe,ascii,0xddd5db0
exe_string,unique_net_id,.?AV<lambda_1>@?4???R0?4???R<lambda_2>@?1??JoinParty@FOnlinePartySystemEOS@@UEAA_NAEBVFUniqueNetId@@AEBVIOnlinePartyJoinInfo@@AEBV?$TDelegate@$$A6AXAEBVFUniqueNetId@@AEBVFOnlinePartyId@@W4EJoinPartyCompletionResult@@H@ZUFDefaultDelegateUserPolicy@@@@@Z@QEBA@AEBV?$function@$$A6AXXZ@std@@@Z@QEBA@PEAUEOS_LobbyDetailsHandle@@_N@Z@,ArkAscended.exe,ascii,0xddd6bd0
exe_string,unique_net_id,.?AV<lambda_1>@?4???R0?4??CreateSessionInternal@FOnlineSessionInterfaceEOS@@AEAA_NAEBVFUniqueNetId@@VFName@@AEBVFOnlineSessionSettings@@@Z@QEBA@PEBU_tagEOS_Sessions_UpdateSessionCallbackInfo@@@Z@,ArkAscended.exe,ascii,0xddd8bc0
exe_string,unique_net_id,.?AV<lambda_1>@?4???R0?BI@??QueryUserIdMapping@FOnlineUserInterfaceEOS@@UEAA_NAEBVFUniqueNetId@@AEBVFString@@AEBV?$TDelegate@$$A6AX_NAEBVFUniqueNetId@@AEBVFString@@12@ZUFDefaultDelegateUserPolicy@@@@@Z@QEBA@_N0101@Z@,ArkAscended.exe,ascii,0xddde6b0
exe_string,unique_net_id,.?AV<lambda_1>@?4???R<lambda_2>@?4???R1?CP@??SendInvitation@FOnlinePartySystemEOS@@UEAA_NAEBVFUniqueNetId@@AEBVFOnlinePartyId@@AEBUFPartyInvitationRecipient@@AEBV?$TDelegate@$$A6AXAEBVFUniqueNetId@@AEBVFOnlinePartyId@@0W4ESendPartyInvitationCompletionResult@@@ZUFDefaultDelegateUserPolicy@@@@@Z@QEBA@AEBV?$TDelegate@$$A6AXAEBUFOnlineError@@@ZUFDefaultDelegateUserPolicy@@@@@Z@QEBA@XZ@,ArkAscended.exe,ascii,0xddd7060
exe_string,unique_net_id,.?AV<lambda_1>@?4???R<lambda_2>@?CP@??SendInvitation@FOnlinePartySystemEOS@@UEAA_NAEBVFUniqueNetId@@AEBVFOnlinePartyId@@AEBUFPartyInvitationRecipient@@AEBV?$TDelegate@$$A6AXAEBVFUniqueNetId@@AEBVFOnlinePartyId@@0W4ESendPartyInvitationCompletionResult@@@ZUFDefaultDelegateUserPolicy@@@@@Z@QEBA@AEBV?$TDelegate@$$A6AXAEBUFOnlineError@@@ZUFDefaultDelegateUserPolicy@@@@@Z@,ArkAscended.exe,ascii,0xddd3a50
exe_string,unique_net_id,.?AV<lambda_1>@?4???R<lambda_2>@?N@??ConnectLobby@FOnlineLobbyInterfaceEOS@@UEAA_NAEBVFUniqueNetId@@AEBVFOnlinePartyId@@V?$TDelegate@$$A6AXAEBUFOnlineError@@AEBVFUniqueNetId@@AEBV?$TSharedPtr@VFOnlineLobby@@$00@@@ZUFDefaultDelegateUserPolicy@@@@@Z@QEBA@PEBU_tagEOS_LobbySearch_FindCallbackInfo@@@Z@,ArkAscended.exe,ascii,0xddd2c60
exe_string,unique_net_id,.?AV<lambda_1>@?4??CreateSessionInternal@FOnlineSessionInterfaceEOS@@AEAA_NAEBVFUniqueNetId@@VFName@@AEBVFOnlineSessionSettings@@@Z@,ArkAscended.exe,ascii,0xddd8b20
exe_string,unique_net_id,.?AV<lambda_1>@?7???R0?1??BlockPlayer@FOnlineFriendsInterfaceSynthetic@@UEAA_NHAEBVFUniqueNetId@@@Z@QEBA@_N@Z@,ArkAscended.exe,ascii,0xddcf9d0
exe_string,unique_net_id,.?AV<lambda_1>@?7???R0?1??UnblockPlayer@FOnlineFriendsInterfaceSynthetic@@UEAA_NHAEBVFUniqueNetId@@@Z@QEBA@_N@Z@,ArkAscended.exe,ascii,0xddcf940
exe_string,unique_net_id,.?AV<lambda_1>@?7???R<lambda_7>@?7???R0?1??CreateLobby@FOnlineLobbyInterfaceEOS@@UEAA_NAEBVFUniqueNetId@@AEBVFOnlineLobbyTransaction@@V?$TDelegate@$$A6AXAEBUFOnlineError@@AEBVFUniqueNetId@@AEBV?$TSharedPtr@VFOnlineLobby@@$00@@@ZUFDefaultDelegateUserPolicy@@@@@Z@QEBA@PEBU_tagEOS_Lobby_CreateLobbyCallbackInfo@@@Z@QEBA@PEBU_tagEOS_Lobby_UpdateLobbyCallbackInfo@@@Z@,ArkAscended.exe,ascii,0xddd2670
exe_string,unique_net_id,.?AV<lambda_1>@?7??GetAvatar@FOnlineAvatarInterfaceSynthetic@@UEAA_NAEBVFUniqueNetId@@0U?$TSoftObjectPtr@VUTexture@@@@V?$TDelegate@$$A6AX_NU?$TSoftObjectPtr@VUTexture@@@@@ZUFDefaultDelegateUserPolicy@@@@@Z@,ArkAscended.exe,ascii,0xddcdc50
exe_string,unique_net_id,.?AV<lambda_1>@?7??GetAvatarUrl@FOnlineAvatarInterfaceSynthetic@@UEAA_NAEBVFUniqueNetId@@0VFString@@V?$TDelegate@$$A6AX_NVFString@@@ZUFDefaultDelegateUserPolicy@@@@@Z@,ArkAscended.exe,ascii,0xddcddf0
exe_string,unique_net_id,.?AV<lambda_1>@?8??Run@?$FMultiOperation@V?$TSharedRef@$$CBVFUniqueNetIdEAS@@$00@@_N@@SAXV?$TArray@V?$TSharedRef@$$CBVFUniqueNetIdEAS@@$00@@V?$TSizedDefaultAllocator@$0CA@@@@@V?$function@$$A6A_NV?$TSharedRef@$$CBVFUniqueNetIdEAS@@$00@@V?$function@$$A6AX_N@Z@std@@@Z@std@@V?$function@$$A6AXV?$TArray@_NV?$TSizedDefaultAllocator@$0CA@@@@@@Z@5@_N@Z@,ArkAscended.exe,ascii,0xddc7d00
exe_string,unique_net_id,.?AV<lambda_1>@?BC@??AddRecentPlayers@FOnlineFriendsInterfaceSynthetic@@UEAAXAEBVFUniqueNetId@@AEBV?$TArray@UFReportPlayedWithUser@@V?$TSizedDefaultAllocator@$0CA@@@@@AEBVFString@@AEBV?$TDelegate@$$A6AXAEBVFUniqueNetId@@AEBUFOnlineError@@@ZUFDefaultDelegateUserPolicy@@@@@Z@,ArkAscended.exe,ascii,0xddcfc70
exe_string,unique_net_id,.?AV<lambda_1>@?BD@??JoinParty@FOnlinePartySystemEOS@@UEAA_NAEBVFUniqueNetId@@AEBVIOnlinePartyJoinInfo@@AEBV?$TDelegate@$$A6AXAEBVFUniqueNetId@@AEBVFOnlinePartyId@@W4EJoinPartyCompletionResult@@H@ZUFDefaultDelegateUserPolicy@@@@@Z@,ArkAscended.exe,ascii,0xddd69a0
exe_string,unique_net_id,.?AV<lambda_1>@?BH@??WriteAchievements@FOnlineAchievementsInterfaceEOS@@UEAAXAEBVFUniqueNetId@@AEAV?$TSharedRef@VFOnlineAchievementsWrite@@$00@@AEBV?$TDelegate@$$A6AXAEBVFUniqueNetId@@_N@ZUFDefaultDelegateUserPolicy@@@@@Z@,ArkAscended.exe,ascii,0xddcd820
exe_string,unique_net_id,.?AV<lambda_1>@?BJ@???R0?4???R0?4???R<lambda_2>@?1??JoinParty@FOnlinePartySystemEOS@@UEAA_NAEBVFUniqueNetId@@AEBVIOnlinePartyJoinInfo@@AEBV?$TDelegate@$$A6AXAEBVFUniqueNetId@@AEBVFOnlinePartyId@@W4EJoinPartyCompletionResult@@H@ZUFDefaultDelegateUserPolicy@@@@@Z@QEBA@AEBV?$function@$$A6AXXZ@std@@@Z@QEBA@PEAUEOS_LobbyDetailsHandle@@_N@Z@QEBA@PEBU_tagEOS_Lobby_JoinLobbyCallbackInfo@@@Z@,ArkAscended.exe,ascii,0xddd6800
exe_string,unique_net_id,.?AV<lambda_1>@?BO@??SendInvitation@FOnlinePartySystemEOS@@UEAA_NAEBVFUniqueNetId@@AEBVFOnlinePartyId@@AEBUFPartyInvitationRecipient@@AEBV?$TDelegate@$$A6AXAEBVFUniqueNetId@@AEBVFOnlinePartyId@@0W4ESendPartyInvitationCompletionResult@@@ZUFDefaultDelegateUserPolicy@@@@@Z@,ArkAscended.exe,ascii,0xddd65e0
exe_string,unique_net_id,.?AV<lambda_1>@?BP@??StartAuthentication@UEOSControlChannel@@AEAAXAEBUFUniqueNetIdRepl@@AEBV?$TSharedRef@VIQueuedEntry@@$00@@AEBVFString@@_N@Z@,ArkAscended.exe,ascii,0xddc76e0
exe_string,unique_net_id,.?AV<lambda_1>@?CE@??RejectInvitation@FOnlinePartySystemEOS@@UEAA_NAEBVFUniqueNetId@@AEBVIOnlinePartyJoinInfo@@AEBV?$TDelegate@$$A6AXAEBVFUniqueNetId@@AEBVFOnlinePartyId@@W4ERejectPartyInvitationCompletionResult@@@ZUFDefaultDelegateUserPolicy@@@@@Z@,ArkAscended.exe,ascii,0xddd6ee0
exe_string,unique_net_id,.?AV<lambda_1>@?CH@??RejectInvitation@FOnlinePartySystemEOS@@UEAA_NAEBVFUniqueNetId@@0@Z@,ArkAscended.exe,ascii,0xddd6ff0
exe_string,unique_net_id,.?AV<lambda_1>@?M@??QueryOwnership@FOnlineStoreInterfaceV2EAS@@UEAA_NAEBVFUniqueNetId@@AEBV?$TDelegate@$$A6AX_NAEBV?$TArray@VFString@@V?$TSizedDefaultAllocator@$0CA@@@@@AEBVFString@@@ZUFDefaultDelegateUserPolicy@@@@@Z@,ArkAscended.exe,ascii,0xddc9a60
exe_string,unique_net_id,.?AV<lambda_1>@?N@??JoinSession@FOnlineSessionInterfaceEOS@@UEAA_NAEBVFUniqueNetId@@VFName@@AEBVFOnlineSessionSearchResult@@AEBV?$TDelegate@$$A6AXVFName@@W4Type@EOnJoinSessionCompleteResult@@@ZUFDefaultDelegateUserPolicy@@@@@Z@,ArkAscended.exe,ascii,0xddd58f0
exe_string,unique_net_id,.?AV<lambda_2>@?1??CacheFriends@FOnlineFriendsInterfaceEAS@@AEAAXAEBVFUniqueNetIdEAS@@AEBV?$TDelegate@$$A6AXXZUFDefaultDelegateUserPolicy@@@@@Z@,ArkAscended.exe,ascii,0xddca290
exe_string,unique_net_id,.?AV<lambda_2>@?1??CreateSyntheticSession@FSyntheticPartySessionManager@@QEAAXAEBV?$TSharedPtr@$$CBVFUniqueNetIdEOSSession@@$00@@AEBV?$TDelegate@$$A6AXAEBUFOnlineError@@@ZUFDefaultDelegateUserPolicy@@@@@Z@,ArkAscended.exe,ascii,0xdddba20
exe_string,unique_net_id,.?AV<lambda_2>@?1??DeleteSyntheticSession@FSyntheticPartySessionManager@@QEAAXAEBV?$TSharedPtr@$$CBVFUniqueNetIdEOSSession@@$00@@AEBV?$TDelegate@$$A6AXAEBUFOnlineError@@@ZUFDefaultDelegateUserPolicy@@@@@Z@,ArkAscended.exe,ascii,0xdddb650
exe_string,unique_net_id,.?AV<lambda_2>@?1??HasSyntheticSession@FSyntheticPartySessionManager@@QEAA_NAEBV?$TSharedPtr@$$CBVFUniqueNetIdEOSSession@@$00@@@Z@,ArkAscended.exe,ascii,0xdddb730
exe_string,unique_net_id,.?AV<lambda_2>@?1??JoinParty@FOnlinePartySystemEOS@@UEAA_NAEBVFUniqueNetId@@AEBVIOnlinePartyJoinInfo@@AEBV?$TDelegate@$$A6AXAEBVFUniqueNetId@@AEBVFOnlinePartyId@@W4EJoinPartyCompletionResult@@H@ZUFDefaultDelegateUserPolicy@@@@@Z@,ArkAscended.exe,ascii,0xddd64e0
exe_string,unique_net_id,.?AV<lambda_2>@?1??QueryPresence@FOnlinePresenceInterfaceEAS@@UEAAXAEBVFUniqueNetId@@AEBV?$TArray@V?$TSharedRef@$$CBVFUniqueNetId@@$00@@V?$TSizedDefaultAllocator@$0CA@@@@@AEBV?$TDelegate@$$A6AXAEBVFUniqueNetId@@_N@ZUFDefaultDelegateUserPolicy@@@@@Z@,ArkAscended.exe,ascii,0xddc9590
exe_string,unique_net_id,.?AV<lambda_2>@?1??QueryPresence@FOnlinePresenceInterfaceSynthetic@@UEAAXAEBVFUniqueNetId@@AEBV?$TArray@V?$TSharedRef@$$CBVFUniqueNetId@@$00@@V?$TSizedDefaultAllocator@$0CA@@@@@AEBV?$TDelegate@$$A6AXAEBVFUniqueNetId@@_N@ZUFDefaultDelegateUserPolicy@@@@@Z@,ArkAscended.exe,ascii,0xddd7b30
exe_string,unique_net_id,.?AV<lambda_2>@?1??RegisterPlayers@FOnlineSessionInterfaceEOS@@UEAA_NVFName@@AEBV?$TArray@V?$TSharedRef@$$CBVFUniqueNetId@@$00@@V?$TSizedDefaultAllocator@$0CA@@@@@_N@Z@,ArkAscended.exe,ascii,0xddd57c0
exe_string,unique_net_id,.?AV<lambda_2>@?1??SetPresence@FOnlinePresenceInterfaceSynthetic@@UEAAXAEBVFUniqueNetId@@AEBVFOnlineUserPresenceStatus@@AEBV?$TDelegate@$$A6AXAEBVFUniqueNetId@@_N@ZUFDefaultDelegateUserPolicy@@@@@Z@,ArkAscended.exe,ascii,0xddd81b0
exe_string,unique_net_id,.?AV<lambda_2>@?1??UnregisterPlayers@FOnlineSessionInterfaceEOS@@UEAA_NVFName@@AEBV?$TArray@V?$TSharedRef@$$CBVFUniqueNetId@@$00@@V?$TSizedDefaultAllocator@$0CA@@@@@@Z@,ArkAscended.exe,ascii,0xddd5b00
exe_string,unique_net_id,.?AV<lambda_2>@?1??UpdateStats@FOnlineStatsInterfaceEOS@@UEAAXV?$TSharedRef@$$CBVFUniqueNetId@@$00@@AEBV?$TArray@U?$FOnlineUserStatsPair@UFOnlineStatUpdate@@@@V?$TSizedDefaultAllocator@$0CA@@@@@AEBV?$TDelegate@$$A6AXAEBUFOnlineError@@@ZUFDefaultDelegateUserPolicy@@@@@Z@,ArkAscended.exe,ascii,0xdddcff0
exe_string,unique_net_id,.?AV<lambda_2>@?4???R0?CP@??SendInvitation@FOnlinePartySystemEOS@@UEAA_NAEBVFUniqueNetId@@AEBVFOnlinePartyId@@AEBUFPartyInvitationRecipient@@AEBV?$TDelegate@$$A6AXAEBVFUniqueNetId@@AEBVFOnlinePartyId@@0W4ESendPartyInvitationCompletionResult@@@ZUFDefaultDelegateUserPolicy@@@@@Z@QEBA@AEBV?$TDelegate@$$A6AXAEBUFOnlineError@@@ZUFDefaultDelegateUserPolicy@@@@@Z@,ArkAscended.exe,ascii,0xddd38d0
exe_string,unique_net_id,.?AV<lambda_2>@?4???R<lambda_1>@?1??QueryBlockedVoicePlayers@FOnlineFriendsInterfaceSynthetic@@UEAA_NAEBVFUniqueNetId@@AEBV?$TDelegate@$$A6AXAEBUFOnlineError@@AEBV?$TSharedRef@$$CBVFUniqueNetId@@$00@@AEBV?$TMap@V?$TSharedRef@$$CBVFUniqueNetId@@$00@@_NVFDefaultSetAllocator@@U?$TUniqueNetIdMapKeyFuncs@_N@@@@2@ZUFDefaultDelegateUserPolicy@@@@@Z@QEBA@0_NAEBVFString@@@Z@,ArkAscended.exe,ascii,0xddcfa50
exe_string,unique_net_id,.?AV<lambda_2>@?7???R<lambda_1>@?M@??GetBlockedNativePlayers@FOnlineFriendsInterfaceSynthetic@@UEAA_NAEBVFUniqueNetId@@AEBV?$TDelegate@$$A6AXAEBUFOnlineError@@AEBV?$TSharedRef@$$CBVFUniqueNetId@@$00@@AEBV?$TMap@V?$TSharedRef@$$CBVFUniqueNetId@@$00@@_NVFDefaultSetAllocator@@U?$TUniqueNetIdMapKeyFuncs@_N@@@@2@ZUFDefaultDelegateUserPolicy@@@@@Z@QEBA@0_NAEBVFString@@@Z@,ArkAscended.exe,ascii,0xddd01e0
exe_string,unique_net_id,.?AV<lambda_2>@?7??GetAvatar@FOnlineAvatarInterfaceSynthetic@@UEAA_NAEBVFUniqueNetId@@0U?$TSoftObjectPtr@VUTexture@@@@V?$TDelegate@$$A6AX_NU?$TSoftObjectPtr@VUTexture@@@@@ZUFDefaultDelegateUserPolicy@@@@@Z@,ArkAscended.exe,ascii,0xddcdb70
exe_string,unique_net_id,.?AV<lambda_2>@?7??GetAvatarUrl@FOnlineAvatarInterfaceSynthetic@@UEAA_NAEBVFUniqueNetId@@0VFString@@V?$TDelegate@$$A6AX_NVFString@@@ZUFDefaultDelegateUserPolicy@@@@@Z@,ArkAscended.exe,ascii,0xddcdd30
exe_string,unique_net_id,.?AV<lambda_2>@?CB@??StartAuthentication@UEOSControlChannel@@AEAAXAEBUFUniqueNetIdRepl@@AEBV?$TSharedRef@VIQueuedEntry@@$00@@AEBVFString@@_N@Z@,ArkAscended.exe,ascii,0xddc7780
exe_string,unique_net_id,.?AV<lambda_2>@?CF@??SendSessionInviteToFriend@FOnlineSessionInterfaceEOS@@UEAA_NAEBVFUniqueNetId@@VFName@@0@Z@,ArkAscended.exe,ascii,0xddd59f0
exe_string,unique_net_id,.?AV<lambda_2>@?CP@??SendInvitation@FOnlinePartySystemEOS@@UEAA_NAEBVFUniqueNetId@@AEBVFOnlinePartyId@@AEBUFPartyInvitationRecipient@@AEBV?$TDelegate@$$A6AXAEBVFUniqueNetId@@AEBVFOnlinePartyId@@0W4ESendPartyInvitationCompletionResult@@@ZUFDefaultDelegateUserPolicy@@@@@Z@,ArkAscended.exe,ascii,0xddd73b0
exe_string,unique_net_id,.?AV<lambda_2>@?N@??ConnectLobby@FOnlineLobbyInterfaceEOS@@UEAA_NAEBVFUniqueNetId@@AEBVFOnlinePartyId@@V?$TDelegate@$$A6AXAEBUFOnlineError@@AEBVFUniqueNetId@@AEBV?$TSharedPtr@VFOnlineLobby@@$00@@@ZUFDefaultDelegateUserPolicy@@@@@Z@,ArkAscended.exe,ascii,0xddd27f0
exe_string,unique_net_id,.?AV<lambda_2>@?O@???R<lambda_1>@?1??CreateLobby@FOnlineLobbyInterfaceEOS@@UEAA_NAEBVFUniqueNetId@@AEBVFOnlineLobbyTransaction@@V?$TDelegate@$$A6AXAEBUFOnlineError@@AEBVFUniqueNetId@@AEBV?$TSharedPtr@VFOnlineLobby@@$00@@@ZUFDefaultDelegateUserPolicy@@@@@Z@QEBA@PEBU_tagEOS_Lobby_CreateLobbyCallbackInfo@@@Z@,ArkAscended.exe,ascii,0xddd1810
exe_string,unique_net_id,.?AV<lambda_3>@?4???R<lambda_2>@?1??JoinParty@FOnlinePartySystemEOS@@UEAA_NAEBVFUniqueNetId@@AEBVIOnlinePartyJoinInfo@@AEBV?$TDelegate@$$A6AXAEBVFUniqueNetId@@AEBVFOnlinePartyId@@W4EJoinPartyCompletionResult@@H@ZUFDefaultDelegateUserPolicy@@@@@Z@QEBA@AEBV?$function@$$A6AXXZ@std@@@Z@,ArkAscended.exe,ascii,0xddd6aa0
exe_string,unique_net_id,.?AV<lambda_3>@?7???R<lambda_1>@?1??ReadLeaderboardsWithLocalUserContext@FOnlineLeaderboardsInterfaceEOS@@AEAA_NAEBV?$TSharedRef@$$CBVFUniqueNetIdEOS@@$00@@AEBV?$TArray@V?$TSharedRef@$$CBVFUniqueNetId@@$00@@V?$TSizedDefaultAllocator@$0CA@@@@@AEAV?$TSharedRef@VFOnlineLeaderboardRead@@$00@@@Z@QEBA@PEBU_tagEOS_Leaderboards_OnQueryLeaderboardUserScoresCompleteCallbackInfo@@@Z@,ArkAscended.exe,ascii,0xddcc8f0
exe_string,unique_net_id,.?AV<lambda_3>@?BF@???R<lambda_1>@?1??CreateLobby@FOnlineLobbyInterfaceEOS@@UEAA_NAEBVFUniqueNetId@@AEBVFOnlineLobbyTransaction@@V?$TDelegate@$$A6AXAEBUFOnlineError@@AEBVFUniqueNetId@@AEBV?$TSharedPtr@VFOnlineLobby@@$00@@@ZUFDefaultDelegateUserPolicy@@@@@Z@QEBA@PEBU_tagEOS_Lobby_CreateLobbyCallbackInfo@@@Z@,ArkAscended.exe,ascii,0xddd1c20
exe_string,unique_net_id,.?AV<lambda_3>@?L@??SendInvitation@FOnlinePartySystemEOS@@UEAA_NAEBVFUniqueNetId@@AEBVFOnlinePartyId@@AEBUFPartyInvitationRecipient@@AEBV?$TDelegate@$$A6AXAEBVFUniqueNetId@@AEBVFOnlinePartyId@@0W4ESendPartyInvitationCompletionResult@@@ZUFDefaultDelegateUserPolicy@@@@@Z@,ArkAscended.exe,ascii,0xddd7290
exe_string,unique_net_id,.?AV<lambda_4>@?7???R<lambda_1>@?1??ReadLeaderboardsWithLocalUserContext@FOnlineLeaderboardsInterfaceEOS@@AEAA_NAEBV?$TSharedRef@$$CBVFUniqueNetIdEOS@@$00@@AEBV?$TArray@V?$TSharedRef@$$CBVFUniqueNetId@@$00@@V?$TSizedDefaultAllocator@$0CA@@@@@AEAV?$TSharedRef@VFOnlineLeaderboardRead@@$00@@@Z@QEBA@PEBU_tagEOS_Leaderboards_OnQueryLeaderboardUserScoresCompleteCallbackInfo@@@Z@,ArkAscended.exe,ascii,0xddccb70
exe_string,unique_net_id,.?AV<lambda_4>@?BI@???R<lambda_1>@?1??CreateLobby@FOnlineLobbyInterfaceEOS@@UEAA_NAEBVFUniqueNetId@@AEBVFOnlineLobbyTransaction@@V?$TDelegate@$$A6AXAEBUFOnlineError@@AEBVFUniqueNetId@@AEBV?$TSharedPtr@VFOnlineLobby@@$00@@@ZUFDefaultDelegateUserPolicy@@@@@Z@QEBA@PEBU_tagEOS_Lobby_CreateLobbyCallbackInfo@@@Z@,ArkAscended.exe,ascii,0xddd1ad0
exe_string,unique_net_id,.?AV<lambda_4>@?L@??SendInvitation@FOnlinePartySystemEOS@@UEAA_NAEBVFUniqueNetId@@AEBVFOnlinePartyId@@AEBUFPartyInvitationRecipient@@AEBV?$TDelegate@$$A6AXAEBVFUniqueNetId@@AEBVFOnlinePartyId@@0W4ESendPartyInvitationCompletionResult@@@ZUFDefaultDelegateUserPolicy@@@@@Z@,ArkAscended.exe,ascii,0xddd6dc0
exe_string,unique_net_id,.?AV<lambda_5>@?BK@???R<lambda_1>@?1??CreateLobby@FOnlineLobbyInterfaceEOS@@UEAA_NAEBVFUniqueNetId@@AEBVFOnlineLobbyTransaction@@V?$TDelegate@$$A6AXAEBUFOnlineError@@AEBVFUniqueNetId@@AEBV?$TSharedPtr@VFOnlineLobby@@$00@@@ZUFDefaultDelegateUserPolicy@@@@@Z@QEBA@PEBU_tagEOS_Lobby_CreateLobbyCallbackInfo@@@Z@,ArkAscended.exe,ascii,0xddd2490
exe_string,unique_net_id,.?AV<lambda_6>@?BN@???R<lambda_1>@?1??CreateLobby@FOnlineLobbyInterfaceEOS@@UEAA_NAEBVFUniqueNetId@@AEBVFOnlineLobbyTransaction@@V?$TDelegate@$$A6AXAEBUFOnlineError@@AEBVFUniqueNetId@@AEBV?$TSharedPtr@VFOnlineLobby@@$00@@@ZUFDefaultDelegateUserPolicy@@@@@Z@QEBA@PEBU_tagEOS_Lobby_CreateLobbyCallbackInfo@@@Z@,ArkAscended.exe,ascii,0xddd2340
exe_string,unique_net_id,.?AV<lambda_7>@?7???R<lambda_1>@?1??CreateLobby@FOnlineLobbyInterfaceEOS@@UEAA_NAEBVFUniqueNetId@@AEBVFOnlineLobbyTransaction@@V?$TDelegate@$$A6AXAEBUFOnlineError@@AEBVFUniqueNetId@@AEBV?$TSharedPtr@VFOnlineLobby@@$00@@@ZUFDefaultDelegateUserPolicy@@@@@Z@QEBA@PEBU_tagEOS_Lobby_CreateLobbyCallbackInfo@@@Z@,ArkAscended.exe,ascii,0xddd2000
exe_string,unique_net_id,CompatibleUniqueNetIdTypes,ArkAscended.exe,ascii;utf16le,0xba8f520;0xc5b36c8
exe_string,unique_net_id,GetPlayerStateFromUniqueNetId,ArkAscended.exe,ascii,0xb7cd450
exe_string,unique_net_id,GetUniqueNetIDOrNetPlayerName,ArkAscended.exe,ascii,0xb9365e0
exe_string,unique_net_id,GetUniqueNetIdAsString,ArkAscended.exe,ascii,0xc09a838
exe_string,unique_net_id,ImprinterPlayerUniqueNetId,ArkAscended.exe,ascii;utf16le,0xbfc39e0;0xbfc7568
exe_string,unique_net_id,"ImprinterPlayerUniqueNetId TEXT,",ArkAscended.exe,ascii,0xc3947cf
exe_string,unique_net_id,ImprinterUniqueNetId,ArkAscended.exe,ascii,0xc178de0
exe_string,unique_net_id,MappedUniqueNetIdTypes,ArkAscended.exe,ascii;utf16le,0xba8f4e8;0xc5b3738
exe_string,unique_net_id,MappedUniqueNetIdTypes_Key,ArkAscended.exe,ascii,0xba8f4c8
exe_string,unique_net_id,NewImprinterPlayerUniqueNetId,ArkAscended.exe,ascii,0xbfc3f00
exe_string,unique_net_id,NewImprinterUniqueNetId,ArkAscended.exe,ascii,0xc1780c0
exe_string,unique_net_id,SplitscreenMainPlayerUniqueNetIdTypeHash,ArkAscended.exe,ascii;utf16le,0xc165ea0;0xc1655d0
exe_string,unique_net_id,UInAppPurchaseCallbackProxy::Trigger - Invalid player UniqueNetId,ArkAscended.exe,utf16le,0xba8a680
exe_string,unique_net_id,UInAppPurchaseFinalizeProxy::Trigger - Innvalid player UniqueNetId,ArkAscended.exe,utf16le,0xba89f40
exe_string,unique_net_id,UInAppPurchaseQueryCallbackProxy2::TriggerQuery - GetUniqueNetIdFromCachedControllerId,ArkAscended.exe,utf16le,0xba8c7b0
exe_string,unique_net_id,UInAppPurchaseQueryCallbackProxy2::TriggerQuery - Invalid UniqueNetId,ArkAscended.exe,utf16le,0xba8c4a0
exe_string,unique_net_id,UniqueNetId,ArkAscended.exe,utf16le,0xc397ae8
exe_string,unique_net_id,UniqueNetIdRepl,ArkAscended.exe,ascii;utf16le,0xb8da520;0xb8da578
exe_string,unique_net_id,UniqueNetIdReplNetSerializerConfig,ArkAscended.exe,ascii;utf16le,0xb7cb470;0xb7cb4a0
exe_string,unique_net_id,UniqueNetIdReplNetSerializerNameStruct,ArkAscended.exe,ascii;utf16le,0xb4f8190;0xb4f8140
exe_string,unique_net_id,UniqueNetIdReplNetSerializerStringStruct,ArkAscended.exe,ascii;utf16le,0xb4f8218;0xb4f81c0
exe_string,unique_net_id,UniqueNetIdTypeHash,ArkAscended.exe,ascii;utf16le,0xc165e88;0xc1655a8
exe_string,unique_net_id,UniqueNetIdWrapper,ArkAscended.exe,ascii,0xae82930
exe_string,unique_net_id,oldPlayerUniqueNetId,ArkAscended.exe,ascii,0xc178940
pegasus_command,pegasus_discord_command,/server,C:\Users\<user>\Downloads\Pegasus_Steam_Report_Evidence\07_Pegasus_Command_List_Trackplayer_ServerHistory_Scanserver.txt,,"Scans an ARK server for online players. Displays player list with tribe info, platform, and status."
pegasus_command,pegasus_discord_command,/scanserver,C:\Users\<user>\Downloads\Pegasus_Steam_Report_Evidence\07_Pegasus_Command_List_Trackplayer_ServerHistory_Scanserver.txt,,Starts automatic server scanning and live updates. Creates an auto-updating message with live player data.
pegasus_command,pegasus_discord_command,/showoutdateserverinfo,C:\Users\<user>\Downloads\Pegasus_Steam_Report_Evidence\07_Pegasus_Command_List_Trackplayer_ServerHistory_Scanserver.txt,,Retrieves historical server information for a selected time.
pegasus_command,pegasus_discord_command,/trackplayer,C:\Users\<user>\Downloads\Pegasus_Steam_Report_Evidence\07_Pegasus_Command_List_Trackplayer_ServerHistory_Scanserver.txt,,"Tracks a player by ID. Input can include EOS ID, Steam ID, or implant ID. Sort options include play time, join count, and last join server."
pegasus_command,pegasus_discord_command,/serverplayerhistory,C:\Users\<user>\Downloads\Pegasus_Steam_Report_Evidence\07_Pegasus_Command_List_Trackplayer_ServerHistory_Scanserver.txt,,Gets player history for a specific server. Sort options include play time and join count.
pegasus_command,pegasus_discord_command,/addplayer,C:\Users\<user>\Downloads\Pegasus_Steam_Report_Evidence\07_Pegasus_Command_List_Trackplayer_ServerHistory_Scanserver.txt,,"Adds a player to a private list such as Enemy, Friend, Bob, or Ally. Supports optional comments."
pegasus_command,pegasus_discord_command,/removeplayer,C:\Users\<user>\Downloads\Pegasus_Steam_Report_Evidence\07_Pegasus_Command_List_Trackplayer_ServerHistory_Scanserver.txt,,Removes players from lists.
pegasus_command,pegasus_discord_command,/mylist,C:\Users\<user>\Downloads\Pegasus_Steam_Report_Evidence\07_Pegasus_Command_List_Trackplayer_ServerHistory_Scanserver.txt,,"Sends a selected private list for the Discord server. Lists include Friends, Enemies, Allies, and Bobs."
pegasus_command,pegasus_discord_command,/markplayersonserver,C:\Users\<user>\Downloads\Pegasus_Steam_Report_Evidence\07_Pegasus_Command_List_Trackplayer_ServerHistory_Scanserver.txt,,Marks all online players on a server to a selected private list.
pegasus_command,pegasus_discord_command,/addplayercomment,C:\Users\<user>\Downloads\Pegasus_Steam_Report_Evidence\07_Pegasus_Command_List_Trackplayer_ServerHistory_Scanserver.txt,,Adds or updates comments for player IDs.
pegasus_command,pegasus_discord_command,/removeplayercomment,C:\Users\<user>\Downloads\Pegasus_Steam_Report_Evidence\07_Pegasus_Command_List_Trackplayer_ServerHistory_Scanserver.txt,,Removes comments for player IDs.
pegasus_command,pegasus_discord_command,/viewplayercomments,C:\Users\<user>\Downloads\Pegasus_Steam_Report_Evidence\07_Pegasus_Command_List_Trackplayer_ServerHistory_Scanserver.txt,,Views all player comments for the server. Automatic scanning of main server every 30 seconds. Scan all official ARK servers with minimal delay. Logging of who connects or disconnects in real time. View server backups by time. See player lists from any server by play time or number of connections. View server transfer logs. Use filters to see servers with low or high populations.
focused_string,intel_context,Controller.PlayerState,C:\Users\<user>\Downloads\asa_exe_game_state_focused_strings.csv,utf16le,
focused_string,intel_context,GameMode.PlayerStateClass,C:\Users\<user>\Downloads\asa_exe_game_state_focused_strings.csv,utf16le,
focused_string,intel_context,Pawn.PlayerState,C:\Users\<user>\Downloads\asa_exe_game_state_focused_strings.csv,utf16le,
focused_string,intel_context,EActorListsBP::AL_PLAYERSTATES,C:\Users\<user>\Downloads\asa_exe_game_state_focused_strings.csv,ascii,
focused_string,intel_context,EPingAverageType::PlayerStateAvg,C:\Users\<user>\Downloads\asa_exe_game_state_focused_strings.csv,ascii,
focused_string,intel_context,PlayerState,C:\Users\<user>\Downloads\asa_exe_game_state_focused_strings.csv,ascii,
focused_string,intel_context,PauserPlayerState,C:\Users\<user>\Downloads\asa_exe_game_state_focused_strings.csv,ascii,
focused_string,intel_context,mPauserPlayerState,C:\Users\<user>\Downloads\asa_exe_game_state_focused_strings.csv,utf16le,
focused_string,intel_context,OnRep_PlayerState,C:\Users\<user>\Downloads\asa_exe_game_state_focused_strings.csv,ascii,
focused_string,intel_context,NO PlayerState,C:\Users\<user>\Downloads\asa_exe_game_state_focused_strings.csv,utf16le,
focused_string,intel_context,UPlayerStateCountLimiterConfig,C:\Users\<user>\Downloads\asa_exe_game_state_focused_strings.csv,utf16le,
focused_string,intel_context,InactivePlayerStateLifeSpan,C:\Users\<user>\Downloads\asa_exe_game_state_focused_strings.csv,ascii,
focused_string,intel_context,PlayerState is null,C:\Users\<user>\Downloads\asa_exe_game_state_focused_strings.csv,utf16le,
focused_string,intel_context,PlayerStateClass,C:\Users\<user>\Downloads\asa_exe_game_state_focused_strings.csv,ascii,
focused_string,intel_context,GetNumPlayerStates,C:\Users\<user>\Downloads\asa_exe_game_state_focused_strings.csv,ascii,
focused_string,intel_context,GetPlayerStateFromUniqueNetId,C:\Users\<user>\Downloads\asa_exe_game_state_focused_strings.csv,ascii,
focused_string,intel_context,GetPlayerState,C:\Users\<user>\Downloads\asa_exe_game_state_focused_strings.csv,ascii,
focused_string,intel_context,PlayerStateIndex,C:\Users\<user>\Downloads\asa_exe_game_state_focused_strings.csv,ascii,
focused_string,intel_context,RelatedPlayerState_1,C:\Users\<user>\Downloads\asa_exe_game_state_focused_strings.csv,ascii,
focused_string,intel_context,RelatedPlayerState_2,C:\Users\<user>\Downloads\asa_exe_game_state_focused_strings.csv,ascii,
focused_string,intel_context,"A comma-delimited list of EPingType pings to enable, and (optionally) the EPingAverageType averaging to apply to the ping (e.g: ""RoundTrip=None,RoundTripExclFrame=PlayerStateAvg,ICMP=MovingAverage"").",C:\Users\<user>\Downloads\asa_exe_game_state_focused_strings.csv,utf16le,
focused_string,intel_context,SenderPlayerState,C:\Users\<user>\Downloads\asa_exe_game_state_focused_strings.csv,ascii,
focused_string,intel_context,OnPlayerStatePawnSet__DelegateSignature,C:\Users\<user>\Downloads\asa_exe_game_state_focused_strings.csv,ascii,
focused_string,intel_context,&APlayerState::OnPawnPrivateDestroyed,C:\Users\<user>\Downloads\asa_exe_game_state_focused_strings.csv,utf16le,
focused_string,intel_context,APlayerState,C:\Users\<user>\Downloads\asa_exe_game_state_focused_strings.csv,utf16le,
focused_string,intel_context,NewPlayerState,C:\Users\<user>\Downloads\asa_exe_game_state_focused_strings.csv,ascii,
focused_string,intel_context,OldPlayerState,C:\Users\<user>\Downloads\asa_exe_game_state_focused_strings.csv,ascii,
focused_string,intel_context,RegisterWithPlayerState,C:\Users\<user>\Downloads\asa_exe_game_state_focused_strings.csv,ascii,
focused_string,intel_context,bWantsPlayerState,C:\Users\<user>\Downloads\asa_exe_game_state_focused_strings.csv,ascii,
focused_string,intel_context,ForPlayerState,C:\Users\<user>\Downloads\asa_exe_game_state_focused_strings.csv,ascii,
focused_string,intel_context,PlayerStates,C:\Users\<user>\Downloads\asa_exe_game_state_focused_strings.csv,ascii,
focused_string,intel_context,PlayerStates_Key,C:\Users\<user>\Downloads\asa_exe_game_state_focused_strings.csv,ascii,
focused_string,intel_context,BPAppliedToPlayerState,C:\Users\<user>\Downloads\asa_exe_game_state_focused_strings.csv,ascii,
focused_string,intel_context,PlayerState_EngramBlueprints,C:\Users\<user>\Downloads\asa_exe_game_state_focused_strings.csv,ascii,
focused_string,intel_context,PlayerState_PurchasedEngramPoints,C:\Users\<user>\Downloads\asa_exe_game_state_focused_strings.csv,ascii,
focused_string,intel_context,PlayerState_TotalEngramPoints,C:\Users\<user>\Downloads\asa_exe_game_state_focused_strings.csv,ascii,
focused_string,intel_context,PlayerState_FreeSkillPoints,C:\Users\<user>\Downloads\asa_exe_game_state_focused_strings.csv,ascii,
focused_string,intel_context,PlayerState_TotalSkillPoints,C:\Users\<user>\Downloads\asa_exe_game_state_focused_strings.csv,ascii,
focused_string,intel_context,PlayerState_DefaultItemSlotSkills,C:\Users\<user>\Downloads\asa_exe_game_state_focused_strings.csv,ascii,
focused_string,intel_context,PlayerState_DefaultItemSlotEngrams,C:\Users\<user>\Downloads\asa_exe_game_state_focused_strings.csv,ascii,
focused_string,intel_context,PlayerState_DefaultItemSlotClasses,C:\Users\<user>\Downloads\asa_exe_game_state_focused_strings.csv,ascii,
focused_string,intel_context,ignorePlayerState,C:\Users\<user>\Downloads\asa_exe_game_state_focused_strings.csv,ascii,
focused_string,intel_context,AShooterGameSession,C:\Users\<user>\Downloads\asa_exe_game_state_focused_strings.csv,utf16le,
focused_string,intel_context,FindPlayerStateFromHashedUniqueID,C:\Users\<user>\Downloads\asa_exe_game_state_focused_strings.csv,ascii,
focused_string,intel_context,ServerFixScoutPlayerState,C:\Users\<user>\Downloads\asa_exe_game_state_focused_strings.csv,utf16le,
focused_string,intel_context,KillerPlayerState,C:\Users\<user>\Downloads\asa_exe_game_state_focused_strings.csv,ascii,
focused_string,intel_context,KilledPlayerState,C:\Users\<user>\Downloads\asa_exe_game_state_focused_strings.csv,ascii,
focused_string,intel_context,AShooterPlayerState,C:\Users\<user>\Downloads\asa_exe_game_state_focused_strings.csv,utf16le,
focused_string,intel_context,PlayerStateOwnsShoulderDragon,C:\Users\<user>\Downloads\asa_exe_game_state_focused_strings.csv,ascii,
focused_string,intel_context,PlayerStateOwnsSpiritBear,C:\Users\<user>\Downloads\asa_exe_game_state_focused_strings.csv,ascii,
focused_string,intel_context,playerState,C:\Users\<user>\Downloads\asa_exe_game_state_focused_strings.csv,ascii,
focused_string,intel_context,PlayerStateOwnsBobsTallTales,C:\Users\<user>\Downloads\asa_exe_game_state_focused_strings.csv,ascii,
focused_string,intel_context,PlayerStateOwnsDarkPegasus,C:\Users\<user>\Downloads\asa_exe_game_state_focused_strings.csv,ascii,
focused_string,intel_context,PlayerStateOwnsASASeasonPass1,C:\Users\<user>\Downloads\asa_exe_game_state_focused_strings.csv,ascii,
focused_string,intel_context,PlayerStateOwnsAstraeos,C:\Users\<user>\Downloads\asa_exe_game_state_focused_strings.csv,ascii,
focused_string,intel_context,PlayerStateOwnsFireLion,C:\Users\<user>\Downloads\asa_exe_game_state_focused_strings.csv,ascii,
focused_string,intel_context,PlayerStateOwnsLostColony,C:\Users\<user>\Downloads\asa_exe_game_state_focused_strings.csv,ascii,
focused_string,intel_context,PlayerStateOwnsDLC,C:\Users\<user>\Downloads\asa_exe_game_state_focused_strings.csv,ascii,
focused_string,intel_context,UsedPlayerState,C:\Users\<user>\Downloads\asa_exe_game_state_focused_strings.csv,ascii,
focused_string,intel_context,AShooterGameSession - KickPlayer: %s reason %s ,C:\Users\<user>\Downloads\asa_exe_game_state_focused_strings.csv,utf16le,
focused_string,intel_context,AShooterGameSession - KickedPlayer: UnknownPlayer reason %s ,C:\Users\<user>\Downloads\asa_exe_game_state_focused_strings.csv,utf16le,
focused_string,intel_context,&AShooterPlayerController::AnalyticsSendGamePlaySessionResultSuccess,C:\Users\<user>\Downloads\asa_exe_game_state_focused_strings.csv,utf16le,
focused_string,intel_context,&AShooterPlayerController::AnalyticsSendGamePlaySessionResultFailure,C:\Users\<user>\Downloads\asa_exe_game_state_focused_strings.csv,utf16le,
focused_string,intel_context,&UUI_ListSessions::OnGameModeComboBoxSelectionChanged,C:\Users\<user>\Downloads\asa_exe_game_state_focused_strings.csv,utf16le,
