record_type,enum_type,value,priority,sources,encodings,offsets,categories
enum_value,CubeGridToolLocals,FCornerModeExtrudeAmountChange,low,ArkAscended.exe,utf16le,ArkAscended.exe:0xc8dc9c0,creature
enum_value,EActorListsBP,AL_ACTIVE_WILD_NONWATER_DINOS,low,ArkAscended.exe,ascii,ArkAscended.exe:0xb496618,creature
enum_value,EActorListsBP,AL_ACTIVE_WILD_WATER_DINOS,low,ArkAscended.exe,ascii,ArkAscended.exe:0xb4965e8,creature
enum_value,EActorListsBP,AL_PLAYERCONTROLLERS,low,ArkAscended.exe,ascii,ArkAscended.exe:0xb495980,player
enum_value,EActorListsBP,AL_PLAYERS,low,ArkAscended.exe,ascii,ArkAscended.exe:0xb495f58,player
enum_value,EActorListsBP,AL_PLAYERSTATES,low,ArkAscended.exe,ascii,ArkAscended.exe:0xb495f38,player
enum_value,EActorListsBP,AL_PLAYER_STARTS,low,ArkAscended.exe,ascii,ArkAscended.exe:0xb495b38,player
enum_value,EActorListsBP,AL_TAMED_DINOS,low,ArkAscended.exe,ascii,ArkAscended.exe:0xb495ce8,creature
enum_value,EAimAssistType,RangeWeaponAlwaysOn,low,ArkAscended.exe,ascii,ArkAscended.exe:0xc23b2a8,item
enum_value,EAnimAlphaInputType,Bool,low,ArkAscended.exe,ascii,ArkAscended.exe:0xb6d6e10,creature
enum_value,EAnimAlphaInputType,Curve,low,ArkAscended.exe,ascii,ArkAscended.exe:0xb6d6e30,creature
enum_value,EAnimAlphaInputType,Float,low,ArkAscended.exe,ascii,ArkAscended.exe:0xb6d6df0,creature
enum_value,EAudioOutputTarget,Controller,low,ArkAscended.exe,ascii,ArkAscended.exe:0xb495e70,player
enum_value,EAudioOutputTarget,ControllerFallbackToSpeaker,low,ArkAscended.exe,ascii,ArkAscended.exe:0xb495e40,player
enum_value,EAutoReceiveInput,Player0,low,ArkAscended.exe,ascii,ArkAscended.exe:0xb4cd5f0,player
enum_value,EAutoReceiveInput,Player1,low,ArkAscended.exe,ascii,ArkAscended.exe:0xb4cd650,player
enum_value,EAutoReceiveInput,Player2,low,ArkAscended.exe,ascii,ArkAscended.exe:0xb4cd630,player
enum_value,EAutoReceiveInput,Player3,low,ArkAscended.exe,ascii,ArkAscended.exe:0xb4cd590,player
enum_value,EAutoReceiveInput,Player4,low,ArkAscended.exe,ascii,ArkAscended.exe:0xb4cd570,player
enum_value,EAutoReceiveInput,Player5,low,ArkAscended.exe,ascii,ArkAscended.exe:0xb4cd5d0,player
enum_value,EAutoReceiveInput,Player6,low,ArkAscended.exe,ascii,ArkAscended.exe:0xb4cd5b0,player
enum_value,EAutoReceiveInput,Player7,low,ArkAscended.exe,ascii,ArkAscended.exe:0xb4cd518,player
enum_value,EBabyCuddleType,FOOD,low,ArkAscended.exe,ascii,ArkAscended.exe:0xbfb5530,creature
enum_value,EBabyCuddleType,MAX,low,ArkAscended.exe,ascii,ArkAscended.exe:0xbfb5508,creature
enum_value,EBabyCuddleType,PET,low,ArkAscended.exe,ascii,ArkAscended.exe:0xbfb5580,creature
enum_value,EBabyCuddleType,Type,low,ArkAscended.exe,ascii,ArkAscended.exe:0xbfb54c8,creature
enum_value,EBabyCuddleType,WALK,low,ArkAscended.exe,ascii,ArkAscended.exe:0xbfb5548,creature
enum_value,EBiomeZone,Mountain,low,ArkAscended.exe,ascii,ArkAscended.exe:0xbe1ed68,creature
enum_value,EBlendStack_BlendspaceUpdateMode,InitialOnly,low,ArkAscended.exe,ascii,ArkAscended.exe:0xca4f318,item
enum_value,EBlendStack_BlendspaceUpdateMode,UpdateActiveOnly,low,ArkAscended.exe,ascii,ArkAscended.exe:0xca4f2e0,item
enum_value,EBlendStack_BlendspaceUpdateMode,UpdateAll,low,ArkAscended.exe,ascii,ArkAscended.exe:0xca4f370,item
enum_value,EBossDinoType,Boss,low,ArkAscended.exe,ascii,ArkAscended.exe:0xbfb6678,creature
enum_value,EBossDinoType,Minion,low,ArkAscended.exe,ascii,ArkAscended.exe:0xbfb66a8,creature
enum_value,EBossDinoType,MinorBoss,low,ArkAscended.exe,ascii,ArkAscended.exe:0xbfb6658,creature
enum_value,EBossDinoType,None,low,ArkAscended.exe,ascii,ArkAscended.exe:0xbfb6690,creature
enum_value,ECFCoreCarouselItemDestinationType,Mod,low,ArkAscended.exe,ascii,ArkAscended.exe:0xbbaeff8,item
enum_value,ECFCoreCarouselItemDestinationType,None,low,ArkAscended.exe,ascii,ArkAscended.exe:0xbbaefc8,item
enum_value,ECFCoreCarouselItemDestinationType,ThemePage,low,ArkAscended.exe,ascii,ArkAscended.exe:0xbbaef70,item
enum_value,ECFCoreCarouselItemLayout,Default,low,ArkAscended.exe,ascii,ArkAscended.exe:0xbbaf0b0,item
enum_value,ECFCoreCarouselItemLayout,SaleView,low,ArkAscended.exe,ascii,ArkAscended.exe:0xbbaf020,item
enum_value,ECFCoreCarouselItemLayout,SmallSaleView,low,ArkAscended.exe,ascii,ArkAscended.exe:0xbbaf048,item
enum_value,ECameraBlendStackType,AdditivePersistent,low,ArkAscended.exe,ascii,ArkAscended.exe:0xbd9b778,item
enum_value,ECameraBlendStackType,IsolatedTransient,low,ArkAscended.exe,ascii,ArkAscended.exe:0xbd9b748,item
enum_value,EChatSendMode,GlobalTribeChat,low,ArkAscended.exe,ascii,ArkAscended.exe:0xc23d4b0,player
enum_value,EChatType,GlobalTribeChat,low,ArkAscended.exe,ascii,ArkAscended.exe:0xc23cfc0,player
enum_value,ECheatActorType,Dino,low,ArkAscended.exe,ascii,ArkAscended.exe:0xc176468,creature
enum_value,ECheatActorType,Player,low,ArkAscended.exe,ascii,ArkAscended.exe:0xc176480,player
enum_value,ECheatActorType,Tame,low,ArkAscended.exe,ascii,ArkAscended.exe:0xc176498,creature
enum_value,ECheatActorType,Wild,low,ArkAscended.exe,ascii,ArkAscended.exe:0xc1764b0,creature
enum_value,EClimbingAnimationType,OpenInventory,low,ArkAscended.exe,ascii,ArkAscended.exe:0xbfa59a8,item
enum_value,EClimbingAnimationType,OpenInventoryHanging,low,ArkAscended.exe,ascii,ArkAscended.exe:0xbfa5d90,item
enum_value,EConcertMovieScenePlayerStatus,Jumping,low,ArkAscended.exe,ascii,ArkAscended.exe:0xca2e168,player
enum_value,EConcertMovieScenePlayerStatus,MAX,low,ArkAscended.exe,ascii,ArkAscended.exe:0xca2e1e8,player
enum_value,EConcertMovieScenePlayerStatus,Paused,low,ArkAscended.exe,ascii,ArkAscended.exe:0xca2e1c0,player
enum_value,EConcertMovieScenePlayerStatus,Playing,low,ArkAscended.exe,ascii,ArkAscended.exe:0xca2e110,player
enum_value,EConcertMovieScenePlayerStatus,Scrubbing,low,ArkAscended.exe,ascii,ArkAscended.exe:0xca2e138,player
enum_value,EConcertMovieScenePlayerStatus,Stepping,low,ArkAscended.exe,ascii,ArkAscended.exe:0xca2e190,player
enum_value,EConcertMovieScenePlayerStatus,Stopped,low,ArkAscended.exe,ascii,ArkAscended.exe:0xca2e0e8,player
enum_value,EConcertResourceLockType,Lock,low,ArkAscended.exe,ascii,ArkAscended.exe:0xca3d580,item
enum_value,EConcertResourceLockType,None,low,ArkAscended.exe,ascii,ArkAscended.exe:0xca3d560,item
enum_value,EConcertResourceLockType,Unlock,low,ArkAscended.exe,ascii,ArkAscended.exe:0xca3d0e8,item
enum_value,EConcertSessionRepositoryMountResponseCode,AlreadyMounted,low,ArkAscended.exe,ascii,ArkAscended.exe:0xca23fa8,creature
enum_value,EConcertSessionRepositoryMountResponseCode,Mounted,low,ArkAscended.exe,ascii,ArkAscended.exe:0xca23f70,creature
enum_value,EConcertSessionRepositoryMountResponseCode,None,low,ArkAscended.exe,ascii,ArkAscended.exe:0xca23f38,creature
enum_value,EConcertSessionRepositoryMountResponseCode,NotFound,low,ArkAscended.exe,ascii,ArkAscended.exe:0xca23fe8,creature
enum_value,EControllerAnalogStick,CAS_LeftStick,low,ArkAscended.exe,ascii,ArkAscended.exe:0xb753c20,player
enum_value,EControllerAnalogStick,CAS_MAX,low,ArkAscended.exe,ascii,ArkAscended.exe:0xb753d20,player
enum_value,EControllerAnalogStick,CAS_RightStick,low,ArkAscended.exe,ascii,ArkAscended.exe:0xb753cf8,player
enum_value,EControllerAnalogStick,Type,low,ArkAscended.exe,ascii,ArkAscended.exe:0xb753cd8,player
enum_value,EControllerHand,AnyHand,low,ArkAscended.exe,ascii;utf16le,ArkAscended.exe:0xaff3650;ArkAscended.exe:0xb2380b8,player
enum_value,EControllerHand,Chest,low,ArkAscended.exe,ascii;utf16le,ArkAscended.exe:0xaff3758;ArkAscended.exe:0xb2381c0,player
enum_value,EControllerHand,ControllerHand_Count,low,ArkAscended.exe,ascii,ArkAscended.exe:0xaff3818,player
enum_value,EControllerHand,ExternalCamera,low,ArkAscended.exe,ascii;utf16le,ArkAscended.exe:0xaff37d8;ArkAscended.exe:0xb238120,player
enum_value,EControllerHand,Gun,low,ArkAscended.exe,ascii;utf16le,ArkAscended.exe:0xaff3790;ArkAscended.exe:0xb238160,player
enum_value,EControllerHand,HMD,low,ArkAscended.exe,ascii;utf16le,ArkAscended.exe:0xaff37a8;ArkAscended.exe:0xb238190,player
enum_value,EControllerHand,Left,low,ArkAscended.exe,ascii;utf16le,ArkAscended.exe:0xaff3690;ArkAscended.exe:0xb238058,player
enum_value,EControllerHand,LeftElbow,low,ArkAscended.exe,ascii;utf16le,ArkAscended.exe:0xaff3738;ArkAscended.exe:0xb2388c8,player
enum_value,EControllerHand,LeftFoot,low,ArkAscended.exe,ascii;utf16le,ArkAscended.exe:0xaff3840;ArkAscended.exe:0xb2389d8,player
enum_value,EControllerHand,LeftKnee,low,ArkAscended.exe,ascii;utf16le,ArkAscended.exe:0xaff3880;ArkAscended.exe:0xb238968,player
enum_value,EControllerHand,LeftShoulder,low,ArkAscended.exe,ascii;utf16le,ArkAscended.exe:0xaff3770;ArkAscended.exe:0xb2381f0,player
enum_value,EControllerHand,Pad,low,ArkAscended.exe,ascii;utf16le,ArkAscended.exe:0xaff37c0;ArkAscended.exe:0xb2380f0,player
enum_value,EControllerHand,Right,low,ArkAscended.exe,ascii;utf16le,ArkAscended.exe:0xaff3638;ArkAscended.exe:0xb238088,player
enum_value,EControllerHand,RightElbow,low,ArkAscended.exe,ascii;utf16le,ArkAscended.exe:0xaff38c0;ArkAscended.exe:0xb238900,player
enum_value,EControllerHand,RightFoot,low,ArkAscended.exe,ascii;utf16le,ArkAscended.exe:0xaff3860;ArkAscended.exe:0xb238a10,player
enum_value,EControllerHand,RightKnee,low,ArkAscended.exe,ascii;utf16le,ArkAscended.exe:0xaff38a0;ArkAscended.exe:0xb2389a0,player
enum_value,EControllerHand,RightShoulder,low,ArkAscended.exe,ascii;utf16le,ArkAscended.exe:0xaff3718;ArkAscended.exe:0xb238888,player
enum_value,EControllerHand,Special,low,ArkAscended.exe,ascii;utf16le,ArkAscended.exe:0xaff37f8;ArkAscended.exe:0xb238a48,player
enum_value,EControllerHand,Waist,low,ArkAscended.exe,ascii;utf16le,ArkAscended.exe:0xaff38e0;ArkAscended.exe:0xb238938,player
enum_value,EDataRegistryAcquireStatus,WaitingForResources,low,ArkAscended.exe,ascii,ArkAscended.exe:0xca93240,item
enum_value,EDataRegistrySubsystemGetItemResult,Found,low,ArkAscended.exe,ascii,ArkAscended.exe:0xca938e8,item
enum_value,EDataRegistrySubsystemGetItemResult,NotFound,low,ArkAscended.exe,ascii,ArkAscended.exe:0xca93998,item
enum_value,EDedicatedServersDistributionMode,DevelopersAndPlayers,low,ArkAscended.exe,ascii,ArkAscended.exe:0xbc01998,player
enum_value,EDedicatedServersDistributionMode,PlayersOnly,low,ArkAscended.exe,ascii,ArkAscended.exe:0xbc01968,player
enum_value,EDinoInputAction,Crouch,low,ArkAscended.exe,ascii,ArkAscended.exe:0xc240d18,creature
enum_value,EDinoInputAction,Fire,low,ArkAscended.exe,ascii,ArkAscended.exe:0xc240ce0,creature
enum_value,EDinoInputAction,Target,low,ArkAscended.exe,ascii,ArkAscended.exe:0xc240cf8,creature
enum_value,EDinoInputAction,Type,low,ArkAscended.exe,ascii,ArkAscended.exe:0xc240d50,creature
enum_value,EDinoTamedOrder,CycleFollowDistance,low,ArkAscended.exe,ascii,ArkAscended.exe:0xc02d230,creature
enum_value,EDinoTamedOrder,FollowMe,low,ArkAscended.exe,ascii,ArkAscended.exe:0xc02d278,creature
enum_value,EDinoTamedOrder,LandingToMe,low,ArkAscended.exe,ascii,ArkAscended.exe:0xc02d1f0,creature
enum_value,EDinoTamedOrder,MAX,low,ArkAscended.exe,ascii,ArkAscended.exe:0xc02d198,creature
enum_value,EDinoTamedOrder,SetAggressionAggressive,low,ArkAscended.exe,ascii,ArkAscended.exe:0xc02ced0,creature
enum_value,EDinoTamedOrder,SetAggressionAttackTarget,low,ArkAscended.exe,ascii,ArkAscended.exe:0xc02cf00,creature
enum_value,EDinoTamedOrder,SetAggressionNeutral,low,ArkAscended.exe,ascii,ArkAscended.exe:0xc02cf58,creature
enum_value,EDinoTamedOrder,SetAggressionPassive,low,ArkAscended.exe,ascii,ArkAscended.exe:0xc02cf30,creature
enum_value,EDinoTamedOrder,SetAggressionPassiveFlee,low,ArkAscended.exe,ascii,ArkAscended.exe:0xc02d1c0,creature
enum_value,EDinoTamedOrder,StopFollowing,low,ArkAscended.exe,ascii,ArkAscended.exe:0xc02d210,creature
enum_value,EDinoTamedOrder,ToggleFollowMe,low,ArkAscended.exe,ascii,ArkAscended.exe:0xc02d258,creature
enum_value,EDinoTamedOrder,Type,low,ArkAscended.exe,ascii,ArkAscended.exe:0xc02d160,creature
enum_value,EDrawDebugItemType,Capsule,low,ArkAscended.exe,ascii,ArkAscended.exe:0xb6aeb30,item
enum_value,EDrawDebugItemType,Circle,low,ArkAscended.exe,ascii,ArkAscended.exe:0xb6aeac8,item
enum_value,EDrawDebugItemType,Cone,low,ArkAscended.exe,ascii,ArkAscended.exe:0xb6aeae8,item
enum_value,EDrawDebugItemType,CoordinateSystem,low,ArkAscended.exe,ascii,ArkAscended.exe:0xb6ae560,item
enum_value,EDrawDebugItemType,DirectionalArrow,low,ArkAscended.exe,ascii,ArkAscended.exe:0xb6ae4d0,item
enum_value,EDrawDebugItemType,InWorldMessage,low,ArkAscended.exe,ascii,ArkAscended.exe:0xb6aeb08,item
enum_value,EDrawDebugItemType,Line,low,ArkAscended.exe,ascii,ArkAscended.exe:0xb6ae518,item
enum_value,EDrawDebugItemType,OnScreenMessage,low,ArkAscended.exe,ascii,ArkAscended.exe:0xb6ae538,item
enum_value,EDrawDebugItemType,Point,low,ArkAscended.exe,ascii,ArkAscended.exe:0xb6ae588,item
enum_value,EDrawDebugItemType,Sphere,low,ArkAscended.exe,ascii,ArkAscended.exe:0xb6ae4f8,item
enum_value,EDrawDebugItemType,Type,low,ArkAscended.exe,ascii,ArkAscended.exe:0xb6aeb68,item
enum_value,EDropItemIconAction,DA_AddCustomCosmetic,low,ArkAscended.exe,ascii,ArkAscended.exe:0xc2cab50,item
enum_value,EDropItemIconAction,DA_AddToSlot,low,ArkAscended.exe,ascii,ArkAscended.exe:0xc2ca8c0,item
enum_value,EDropItemIconAction,DA_CreateCustomCosmetic,low,ArkAscended.exe,ascii,ArkAscended.exe:0xc2cab20,item
enum_value,EDropItemIconAction,DA_Equip,low,ArkAscended.exe,ascii,ArkAscended.exe:0xc2ca878,item
enum_value,EDropItemIconAction,DA_EquipLocalFromRemote,low,ArkAscended.exe,ascii,ArkAscended.exe:0xc2ca778,item
enum_value,EDropItemIconAction,DA_EquipRemoteFromLocal,low,ArkAscended.exe,ascii,ArkAscended.exe:0xc2ca748,item
enum_value,EDropItemIconAction,DA_FromArkInv,low,ArkAscended.exe,ascii,ArkAscended.exe:0xc2ca800,item
enum_value,EDropItemIconAction,DA_FromRemoteInv,low,ArkAscended.exe,ascii,ArkAscended.exe:0xc2ca980,item
enum_value,EDropItemIconAction,DA_FromRemoteInvToSlot,low,ArkAscended.exe,ascii,ArkAscended.exe:0xc2ca718,item
enum_value,EDropItemIconAction,DA_MergeItemStack,low,ArkAscended.exe,ascii,ArkAscended.exe:0xc2ca5b8,item
enum_value,EDropItemIconAction,DA_NoAction,low,ArkAscended.exe,ascii,ArkAscended.exe:0xc2ca898,item
enum_value,EDropItemIconAction,DA_RemoteEquip,low,ArkAscended.exe,ascii,ArkAscended.exe:0xc2ca958,item
enum_value,EDropItemIconAction,DA_RemoveFromSlot,low,ArkAscended.exe,ascii,ArkAscended.exe:0xc2ca930,item
enum_value,EDropItemIconAction,DA_RemoveItemSkin,low,ArkAscended.exe,ascii,ArkAscended.exe:0xc2ca630,item
enum_value,EDropItemIconAction,DA_RemoveWeaponAmmo,low,ArkAscended.exe,ascii,ArkAscended.exe:0xc2ca688,item
enum_value,EDropItemIconAction,DA_SplitItemStack,low,ArkAscended.exe,ascii,ArkAscended.exe:0xc2ca590,item
enum_value,EDropItemIconAction,DA_SplitItemStackOne,low,ArkAscended.exe,ascii,ArkAscended.exe:0xc2ca6b8,item
enum_value,EDropItemIconAction,DA_SwapItems,low,ArkAscended.exe,ascii,ArkAscended.exe:0xc2ca608,item
enum_value,EDropItemIconAction,DA_ToArkInv,low,ArkAscended.exe,ascii,ArkAscended.exe:0xc2ca828,item
enum_value,EDropItemIconAction,DA_ToRemoteInv,low,ArkAscended.exe,ascii,ArkAscended.exe:0xc2ca908,item
enum_value,EDropItemIconAction,DA_ToRemoteInvFromSlot,low,ArkAscended.exe,ascii,ArkAscended.exe:0xc2ca6e8,item
enum_value,EDropItemIconAction,DA_UnEquip,low,ArkAscended.exe,ascii,ArkAscended.exe:0xc2ca8e8,item
enum_value,EDropItemIconAction,DA_UnEquipTransferToLocal,low,ArkAscended.exe,ascii,ArkAscended.exe:0xc2ca658,item
enum_value,EDropItemIconAction,DA_UnequipRemote,low,ArkAscended.exe,ascii,ArkAscended.exe:0xc2ca7d8,item
enum_value,EDropItemIconAction,DA_UnequipTransferToRemote,low,ArkAscended.exe,ascii,ArkAscended.exe:0xc2ca7a8,item
enum_value,EDropItemIconAction,DA_UseWithItem,low,ArkAscended.exe,ascii,ArkAscended.exe:0xc2ca5e0,item
enum_value,EDropItemIconAction,MAX,low,ArkAscended.exe,ascii,ArkAscended.exe:0xc2cab98,item
enum_value,EDropItemIconAction,Type,low,ArkAscended.exe,ascii,ArkAscended.exe:0xc2cabe8,item
enum_value,EEngramCategory,CLOTHING,low,ArkAscended.exe,ascii,ArkAscended.exe:0xc02a578,item
enum_value,EEngramCategory,CRAFTING,low,ArkAscended.exe,ascii,ArkAscended.exe:0xc02a500,item
enum_value,EEngramCategory,MAX,low,ArkAscended.exe,ascii,ArkAscended.exe:0xc02a868,item
enum_value,EEngramCategory,MISC,low,ArkAscended.exe,ascii,ArkAscended.exe:0xc02a520,item
enum_value,EEngramCategory,MODSPECIFIC,low,ArkAscended.exe,ascii,ArkAscended.exe:0xc02a848,item
enum_value,EEngramCategory,SADDLES,low,ArkAscended.exe,ascii,ArkAscended.exe:0xc02a538,creature;item
enum_value,EEngramCategory,STRUCTURES,low,ArkAscended.exe,ascii,ArkAscended.exe:0xc02a558,item
enum_value,EEngramCategory,TOOLS,low,ArkAscended.exe,ascii,ArkAscended.exe:0xc02a5d8,item
enum_value,EEngramCategory,Type,low,ArkAscended.exe,ascii,ArkAscended.exe:0xc02a830,item
enum_value,EEngramCategory,WEAPONS,low,ArkAscended.exe,ascii,ArkAscended.exe:0xc02a598,item
enum_value,EEngramGroup,ARK_ABERRATION,low,ArkAscended.exe,ascii,ArkAscended.exe:0xc02a790,item
enum_value,EEngramGroup,ARK_ASASEASONPASS1,low,ArkAscended.exe,ascii,ArkAscended.exe:0xc02a988,item
enum_value,EEngramGroup,ARK_ASTRAEOS,low,ArkAscended.exe,ascii,ArkAscended.exe:0xc02a9d0,item
enum_value,EEngramGroup,ARK_ASTRAEOSORBOBSTALLTALES,low,ArkAscended.exe,ascii,ArkAscended.exe:0xc02a958,item
enum_value,EEngramGroup,ARK_BOBSTALLTALES,low,ArkAscended.exe,ascii,ArkAscended.exe:0xc02a710,item
enum_value,EEngramGroup,ARK_DARKPEGASUS,low,ArkAscended.exe,ascii,ArkAscended.exe:0xc02a6d8,item
enum_value,EEngramGroup,ARK_EXTINCTION,low,ArkAscended.exe,ascii,ArkAscended.exe:0xc02a730,item
enum_value,EEngramGroup,ARK_FIRELION,low,ArkAscended.exe,ascii,ArkAscended.exe:0xc02a6b8,item
enum_value,EEngramGroup,ARK_GEN2,low,ArkAscended.exe,ascii,ArkAscended.exe:0xc02a6f8,item
enum_value,EEngramGroup,ARK_GENESIS,low,ArkAscended.exe,ascii,ArkAscended.exe:0xc02a750,item
enum_value,EEngramGroup,ARK_LOSTCOLONY,low,ArkAscended.exe,ascii,ArkAscended.exe:0xc02aa18,item
enum_value,EEngramGroup,ARK_PRIME,low,ArkAscended.exe,ascii,ArkAscended.exe:0xc02a808,item
enum_value,EEngramGroup,ARK_SCORCHEDEARTH,low,ArkAscended.exe,ascii,ArkAscended.exe:0xc02a7b0,item
enum_value,EEngramGroup,ARK_SHOULDERDRAGON,low,ArkAscended.exe,ascii,ArkAscended.exe:0xc02a9f0,item
enum_value,EEngramGroup,ARK_SPIRITBEAR,low,ArkAscended.exe,ascii,ArkAscended.exe:0xc02a9b0,item
enum_value,EEngramGroup,ARK_TEK,low,ArkAscended.exe,ascii,ArkAscended.exe:0xc02a7d0,item
enum_value,EEngramGroup,ARK_UNLEARNED,low,ArkAscended.exe,ascii,ArkAscended.exe:0xc02a770,item
enum_value,EEngramGroup,MAX,low,ArkAscended.exe,ascii,ArkAscended.exe:0xc02a930,item
enum_value,EEngramGroup,Type,low,ArkAscended.exe,ascii,ArkAscended.exe:0xc02a8f0,item
enum_value,EFourPlayerSplitScreenType,Grid,low,ArkAscended.exe,ascii,ArkAscended.exe:0xb0539d8,player
enum_value,EFourPlayerSplitScreenType,Horizontal,low,ArkAscended.exe,ascii,ArkAscended.exe:0xb053ab8,player
enum_value,EFourPlayerSplitScreenType,Vertical,low,ArkAscended.exe,ascii,ArkAscended.exe:0xb053a00,player
enum_value,EFractureBrickBondEnum,Dataflow_FractureBrickBond_Stack,low,ArkAscended.exe,ascii,ArkAscended.exe:0xcbae108,item
enum_value,EGAResourceFlowType,sink,low,ArkAscended.exe,ascii,ArkAscended.exe:0xbcef658,item
enum_value,EGAResourceFlowType,source,low,ArkAscended.exe,ascii,ArkAscended.exe:0xbcef638,item
enum_value,EGAResourceFlowType,undefined,low,ArkAscended.exe,ascii,ArkAscended.exe:0xbceed10,item
enum_value,EGainParamMode,Decibels,low,ArkAscended.exe,ascii,ArkAscended.exe:0xb997900,item
enum_value,EGainParamMode,Linear,low,ArkAscended.exe,ascii,ArkAscended.exe:0xb9978b8,item
enum_value,EGameplayEffectAttributeCaptureSource,Source,low,ArkAscended.exe,ascii,ArkAscended.exe:0xcaa8368,item
enum_value,EGameplayEffectAttributeCaptureSource,Target,low,ArkAscended.exe,ascii,ArkAscended.exe:0xcaa8398,item
enum_value,EGameplayEffectStackingDurationPolicy,NeverRefresh,low,ArkAscended.exe,ascii,ArkAscended.exe:0xcb02718,item
enum_value,EGameplayEffectStackingDurationPolicy,RefreshOnSuccessfulApplication,low,ArkAscended.exe,ascii,ArkAscended.exe:0xcb026d0,item
enum_value,EGameplayEffectStackingExpirationPolicy,ClearEntireStack,low,ArkAscended.exe,ascii,ArkAscended.exe:0xcb02240,item
enum_value,EGameplayEffectStackingExpirationPolicy,RefreshDuration,low,ArkAscended.exe,ascii,ArkAscended.exe:0xcb021d8,item
enum_value,EGameplayEffectStackingExpirationPolicy,RemoveSingleStackAndRefreshDuration,low,ArkAscended.exe,ascii,ArkAscended.exe:0xcb02280,item
enum_value,EGameplayEffectStackingPeriodPolicy,NeverReset,low,ArkAscended.exe,ascii,ArkAscended.exe:0xcb021a8,item
enum_value,EGameplayEffectStackingPeriodPolicy,ResetOnSuccessfulApplication,low,ArkAscended.exe,ascii,ArkAscended.exe:0xcb02160,item
enum_value,EGameplayEffectStackingType,AggregateBySource,low,ArkAscended.exe,ascii,ArkAscended.exe:0xcb045d0,item
enum_value,EGameplayEffectStackingType,AggregateByTarget,low,ArkAscended.exe,ascii,ArkAscended.exe:0xcb045a0,item
enum_value,EGameplayEffectStackingType,None,low,ArkAscended.exe,ascii,ArkAscended.exe:0xcb028d8,item
enum_value,EGeometryScriptUVLayoutType,Stack,low,ArkAscended.exe,ascii,ArkAscended.exe:0xc53bfa8,item
enum_value,EGroomBindingAsyncProperties,HairGroupResources,low,ArkAscended.exe,ascii,ArkAscended.exe:0xc5c1480,item
enum_value,EGroomBindingType,Skinning,low,ArkAscended.exe,ascii,ArkAscended.exe:0xc5c0af0,item
enum_value,EHubSubMenu,Engrams,low,ArkAscended.exe,ascii,ArkAscended.exe:0xc2c8078,item
enum_value,EHubSubMenu,Inventory,low,ArkAscended.exe,ascii,ArkAscended.exe:0xc2c8090,item
enum_value,EHubSubMenu,TrackedDinoList,low,ArkAscended.exe,ascii,ArkAscended.exe:0xc2c80a8,creature
enum_value,EHubSubMenu,TribeManager,low,ArkAscended.exe,ascii,ArkAscended.exe:0xc2c80c8,player
enum_value,EInputResourceName,Albedo,low,ArkAscended.exe,ascii,ArkAscended.exe:0xcc27970,item
enum_value,EInputResourceName,Color,low,ArkAscended.exe,ascii,ArkAscended.exe:0xcc27950,item
enum_value,EInputResourceName,Normal,low,ArkAscended.exe,ascii,ArkAscended.exe:0xcc27788,item
enum_value,EInputResourceName,Output,low,ArkAscended.exe,ascii,ArkAscended.exe:0xcc277a8,item
enum_value,EInteractionSplatCapsuleFlags,PlayerCamera,low,ArkAscended.exe,ascii,ArkAscended.exe:0xc005bf0,player
enum_value,EInterchangePipelineContext,AssetAlternateSkinningImport,low,ArkAscended.exe,ascii,ArkAscended.exe:0xc716cf8,item
enum_value,EInterchangePipelineContext,AssetAlternateSkinningReimport,low,ArkAscended.exe,ascii,ArkAscended.exe:0xc716db0,item
enum_value,EInterchangePropertyTracks,CameraPostProcessSettingsBloomDirtMaskIntensity,low,ArkAscended.exe,ascii,ArkAscended.exe:0xc72c4a0,item
enum_value,EInterchangePropertyTracks,CameraPostProcessSettingsDepthOfFieldDepthBlurAmount,low,ArkAscended.exe,ascii,ArkAscended.exe:0xc72bb10,creature
enum_value,EInterchangePropertyTracks,CameraPostProcessSettingsMotionBlurAmount,low,ArkAscended.exe,ascii,ArkAscended.exe:0xc72a6b0,creature
enum_value,EInterchangePropertyTracks,CameraPostProcessSettingsToneCurveAmount,low,ArkAscended.exe,ascii,ArkAscended.exe:0xc72dc30,creature
enum_value,EInterchangePropertyTracks,CustomDepthStencilWriteMask,low,ArkAscended.exe,ascii,ArkAscended.exe:0xc729770,item
enum_value,EInterchangePropertyTracks,LightShadowAmount,low,ArkAscended.exe,ascii,ArkAscended.exe:0xc728b30,creature
enum_value,EInterchangePropertyTracks,SkinnedMeshCapsuleIndirectShadowMinVisibility,low,ArkAscended.exe,ascii,ArkAscended.exe:0xc72ddd0,item
enum_value,EInterchangePropertyTracks,SkinnedMeshCastCapsuleDirectShadow,low,ArkAscended.exe,ascii,ArkAscended.exe:0xc72dcf8,item
enum_value,EInterchangePropertyTracks,SkinnedMeshCastCapsuleIndirectShadow,low,ArkAscended.exe,ascii,ArkAscended.exe:0xc72dd40,item
enum_value,EInterchangePropertyTracks,SkinnedMeshRenderStatic,low,ArkAscended.exe,ascii,ArkAscended.exe:0xc72dc78,item
enum_value,EInterchangePropertyTracks,SkinnedMeshVisibilityBasedAnimTickOption,low,ArkAscended.exe,ascii,ArkAscended.exe:0xc72dcb0,item
enum_value,EInterchangeSkeletalMeshContentType,SkinningWeights,low,ArkAscended.exe,ascii,ArkAscended.exe:0xc7687f8,item
enum_value,ELeaderboardColumnName,PlayerNetId,low,ArkAscended.exe,ascii,ArkAscended.exe:0xc23efd0,player
enum_value,ELeaderboardColumnName,TribeId,low,ArkAscended.exe,ascii,ArkAscended.exe:0xc23eff8,player
enum_value,ELevelExperienceRampType,DinoEasy,low,ArkAscended.exe,ascii,ArkAscended.exe:0xc02e7b0,creature
enum_value,ELevelExperienceRampType,DinoHard,low,ArkAscended.exe,ascii,ArkAscended.exe:0xc02e760,creature
enum_value,ELevelExperienceRampType,DinoMedium,low,ArkAscended.exe,ascii,ArkAscended.exe:0xc02e738,creature
enum_value,ELevelExperienceRampType,Player,low,ArkAscended.exe,ascii,ArkAscended.exe:0xc02e788,player
enum_value,EListItemAlignment,CenterAligned,low,ArkAscended.exe,ascii,ArkAscended.exe:0xb04e1c8,item
enum_value,EListItemAlignment,EvenlyDistributed,low,ArkAscended.exe,ascii,ArkAscended.exe:0xb04dfd0,item
enum_value,EListItemAlignment,EvenlySize,low,ArkAscended.exe,ascii,ArkAscended.exe:0xb04dfb0,item
enum_value,EListItemAlignment,EvenlyWide,low,ArkAscended.exe,ascii,ArkAscended.exe:0xb04e1a8,item
enum_value,EListItemAlignment,Fill,low,ArkAscended.exe,ascii,ArkAscended.exe:0xb04e230,item
enum_value,EListItemAlignment,LeftAligned,low,ArkAscended.exe,ascii,ArkAscended.exe:0xb04e188,item
enum_value,EListItemAlignment,RightAligned,low,ArkAscended.exe,ascii,ArkAscended.exe:0xb04e1f0,item
enum_value,ELocalPositionOrigin,InstancePreSkinning,low,ArkAscended.exe,ascii,ArkAscended.exe:0xb54d420,item
enum_value,ELootItemType,AmmoTier1,low,ArkAscended.exe,ascii,ArkAscended.exe:0xc23e0b8,item
enum_value,ELootItemType,AmmoTier2,low,ArkAscended.exe,ascii,ArkAscended.exe:0xc23e0d8,item
enum_value,ELootItemType,AmmoTier3,low,ArkAscended.exe,ascii,ArkAscended.exe:0xc23e0f8,item
enum_value,ELootItemType,ArmorTek,low,ArkAscended.exe,ascii,ArkAscended.exe:0xc23e020,item
enum_value,ELootItemType,ArmorTier1,low,ArkAscended.exe,ascii,ArkAscended.exe:0xc23dfc0,item
enum_value,ELootItemType,ArmorTier2,low,ArkAscended.exe,ascii,ArkAscended.exe:0xc23dfe0,item
enum_value,ELootItemType,ArmorTier3,low,ArkAscended.exe,ascii,ArkAscended.exe:0xc23e000,item
enum_value,ELootItemType,Element,low,ArkAscended.exe,ascii,ArkAscended.exe:0xc23e358,item
enum_value,ELootItemType,Hexagons,low,ArkAscended.exe,ascii,ArkAscended.exe:0xc23e370,item
enum_value,ELootItemType,None,low,ArkAscended.exe,ascii,ArkAscended.exe:0xc23e340,item
enum_value,ELootItemType,ResourceCommon,low,ArkAscended.exe,ascii,ArkAscended.exe:0xc23e388,item
enum_value,ELootItemType,ResourceRare,low,ArkAscended.exe,ascii,ArkAscended.exe:0xc23e3c8,item
enum_value,ELootItemType,ResourceUncommon,low,ArkAscended.exe,ascii,ArkAscended.exe:0xc23e3a8,item
enum_value,ELootItemType,Saddle,low,ArkAscended.exe,ascii,ArkAscended.exe:0xc23e118,creature;item
enum_value,ELootItemType,Type,low,ArkAscended.exe,ascii,ArkAscended.exe:0xc23e140,item
enum_value,ELootItemType,WeaponTek,low,ArkAscended.exe,ascii,ArkAscended.exe:0xc23e098,item
enum_value,ELootItemType,WeaponTier1,low,ArkAscended.exe,ascii,ArkAscended.exe:0xc23e038,item
enum_value,ELootItemType,WeaponTier2,low,ArkAscended.exe,ascii,ArkAscended.exe:0xc23e058,item
enum_value,ELootItemType,WeaponTier3,low,ArkAscended.exe,ascii,ArkAscended.exe:0xc23e078,item
enum_value,EMainTabCategory,INVENTORY,low,ArkAscended.exe,ascii,ArkAscended.exe:0xc2b2cd8,item
enum_value,EMediaPlateResourceType,Asset,low,ArkAscended.exe,ascii,ArkAscended.exe:0xcc120c0,item
enum_value,EMediaPlateResourceType,External,low,ArkAscended.exe,ascii,ArkAscended.exe:0xcc120e0,item
enum_value,EMediaPlateResourceType,Playlist,low,ArkAscended.exe,ascii,ArkAscended.exe:0xcc12208,item
enum_value,EMediaPlayerOptionBooleanOverride,Disabled,low,ArkAscended.exe,ascii,ArkAscended.exe:0xb45bf80,player
enum_value,EMediaPlayerOptionBooleanOverride,Enabled,low,ArkAscended.exe,ascii,ArkAscended.exe:0xb45bf50,player
enum_value,EMediaPlayerOptionBooleanOverride,UseMediaPlayerSetting,low,ArkAscended.exe,ascii,ArkAscended.exe:0xb45c068,player
enum_value,EMediaPlayerOptionSeekTimeType,Ignored,low,ArkAscended.exe,ascii,ArkAscended.exe:0xb45bde0,player
enum_value,EMediaPlayerOptionSeekTimeType,RelativeToStartTime,low,ArkAscended.exe,ascii,ArkAscended.exe:0xb45be08,player
enum_value,EMediaPlayerOptionTrackSelectMode,UseMediaPlayerDefaults,low,ArkAscended.exe,ascii,ArkAscended.exe:0xb45bd08,player
enum_value,EMediaPlayerOptionTrackSelectMode,UseTrackOptionIndices,low,ArkAscended.exe,ascii,ArkAscended.exe:0xb45bd48,player
enum_value,EMediaPlayerTrack,Audio,low,ArkAscended.exe,ascii,ArkAscended.exe:0xb45da10,player
enum_value,EMediaPlayerTrack,Caption,low,ArkAscended.exe,ascii,ArkAscended.exe:0xb45da30,player
enum_value,EMediaPlayerTrack,Metadata,low,ArkAscended.exe,ascii,ArkAscended.exe:0xb45da50,player
enum_value,EMediaPlayerTrack,Script,low,ArkAscended.exe,ascii,ArkAscended.exe:0xb45da70,player
enum_value,EMediaPlayerTrack,Subtitle,low,ArkAscended.exe,ascii,ArkAscended.exe:0xb45d9a0,player
enum_value,EMediaPlayerTrack,Text,low,ArkAscended.exe,ascii,ArkAscended.exe:0xb45d9c0,player
enum_value,EMediaPlayerTrack,Video,low,ArkAscended.exe,ascii,ArkAscended.exe:0xb45d9d8,player
enum_value,EMovieSceneBuiltInEasing,QuadInOut,low,ArkAscended.exe,ascii,ArkAscended.exe:0xb33b930,creature
enum_value,EMovieScenePlayerStatus,Jumping,low,ArkAscended.exe,ascii,ArkAscended.exe:0xb30c600,player
enum_value,EMovieScenePlayerStatus,MAX,low,ArkAscended.exe,ascii,ArkAscended.exe:0xb30c7f0,player
enum_value,EMovieScenePlayerStatus,Paused,low,ArkAscended.exe,ascii,ArkAscended.exe:0xb30c650,player
enum_value,EMovieScenePlayerStatus,Playing,low,ArkAscended.exe,ascii,ArkAscended.exe:0xb30c6e8,player
enum_value,EMovieScenePlayerStatus,Scrubbing,low,ArkAscended.exe,ascii,ArkAscended.exe:0xb30c628,player
enum_value,EMovieScenePlayerStatus,Stepping,low,ArkAscended.exe,ascii,ArkAscended.exe:0xb30c670,player
enum_value,EMovieScenePlayerStatus,Stopped,low,ArkAscended.exe,ascii,ArkAscended.exe:0xb30c710,player
enum_value,EMovieScenePlayerStatus,Type,low,ArkAscended.exe,ascii,ArkAscended.exe:0xb30c848,player
enum_value,ENDIActorComponentSourceMode,LocalPlayer,low,ArkAscended.exe,ascii,ArkAscended.exe:0xbaf81d8,player
enum_value,ENDISkeletalMesh_SkinningMode,Invalid,low,ArkAscended.exe,ascii,ArkAscended.exe:0xbb50f20,item
enum_value,ENDISkeletalMesh_SkinningMode,None,low,ArkAscended.exe,ascii,ArkAscended.exe:0xbb50f48,item
enum_value,ENDISkeletalMesh_SkinningMode,PreSkin,low,ArkAscended.exe,ascii,ArkAscended.exe:0xbb50fa0,item
enum_value,ENDISkeletalMesh_SkinningMode,SkinOnTheFly,low,ArkAscended.exe,ascii,ArkAscended.exe:0xbb50f70,item
enum_value,ENavigationGenesis,Controller,low,ArkAscended.exe,ascii,ArkAscended.exe:0xb004808,player
enum_value,ENetCloseResult,ControlChannelPlayerChannelFail,low,ArkAscended.exe,ascii;utf16le,ArkAscended.exe:0xb0695a0;ArkAscended.exe:0xb06b0e0,player
enum_value,EOnlineProxyStoreOfferDiscountType,DiscountAmount,low,ArkAscended.exe,ascii,ArkAscended.exe:0xba89e60,creature
enum_value,EOnlineProxyStoreOfferDiscountType,PayAmount,low,ArkAscended.exe,ascii,ArkAscended.exe:0xba89e30,creature
enum_value,EOptimusDataTypeUsageFlags,Resource,low,ArkAscended.exe,ascii,ArkAscended.exe:0xc7f16e0,item
enum_value,EOptimusNodePinStorageType,Resource,low,ArkAscended.exe,ascii,ArkAscended.exe:0xc7ff720,item
enum_value,EOptimusSkinnedMeshExecDomain,None,low,ArkAscended.exe,ascii,ArkAscended.exe:0xc7ef000,item
enum_value,EOptimusSkinnedMeshExecDomain,Triangle,low,ArkAscended.exe,ascii,ArkAscended.exe:0xc7ef050,item
enum_value,EOptimusSkinnedMeshExecDomain,Vertex,low,ArkAscended.exe,ascii,ArkAscended.exe:0xc7ef028,item
enum_value,EOutputResourceName,Output,low,ArkAscended.exe,ascii,ArkAscended.exe:0xcc27808,item
enum_value,EPartyJoinabilityConstraint,AllowPlayersInMultipleParties,low,ArkAscended.exe,ascii,ArkAscended.exe:0xbc00fc0,player
enum_value,EPartyReservationResult,IncorrectPlayerCount,low,ArkAscended.exe,ascii,ArkAscended.exe:0xba90b70,player
enum_value,EPartyReservationResult,ReservationDenied_ContainsExistingPlayers,low,ArkAscended.exe,ascii,ArkAscended.exe:0xba909f0,player
enum_value,EPhysicsTransformUpdateMode,ComponentTransformIsKinematic,low,ArkAscended.exe,ascii,ArkAscended.exe:0xb75a408,item
enum_value,EPingAverageType,PlayerStateAvg,low,ArkAscended.exe,ascii,ArkAscended.exe:0xb5a2120,player
enum_value,EPlayerActionIndex,Action,low,ArkAscended.exe,ascii,ArkAscended.exe:0xc23cb10,player
enum_value,EPlayerActionIndex,Back_WhistleList,low,ArkAscended.exe,ascii,ArkAscended.exe:0xc23cdb0,player
enum_value,EPlayerActionIndex,Emote_Cheer,low,ArkAscended.exe,ascii,ArkAscended.exe:0xc23ca88,player
enum_value,EPlayerActionIndex,Emote_FriendlyLowerHands,low,ArkAscended.exe,ascii,ArkAscended.exe:0xc23caa8,player
enum_value,EPlayerActionIndex,Emote_HatSwitch,low,ArkAscended.exe,ascii,ArkAscended.exe:0xc23c958,player
enum_value,EPlayerActionIndex,Emote_Laugh,low,ArkAscended.exe,ascii,ArkAscended.exe:0xc23ca08,player
enum_value,EPlayerActionIndex,Emote_MAX,low,ArkAscended.exe,ascii,ArkAscended.exe:0xc23cad8,player
enum_value,EPlayerActionIndex,Emote_No,low,ArkAscended.exe,ascii,ArkAscended.exe:0xc23ca48,player
enum_value,EPlayerActionIndex,Emote_Salute,low,ArkAscended.exe,ascii,ArkAscended.exe:0xc23c980,player
enum_value,EPlayerActionIndex,Emote_Sorry,low,ArkAscended.exe,ascii,ArkAscended.exe:0xc23c9a8,player
enum_value,EPlayerActionIndex,Emote_Taunt,low,ArkAscended.exe,ascii,ArkAscended.exe:0xc23ca68,player
enum_value,EPlayerActionIndex,Emote_Thank,low,ArkAscended.exe,ascii,ArkAscended.exe:0xc23c9c8,player
enum_value,EPlayerActionIndex,Emote_Wave,low,ArkAscended.exe,ascii,ArkAscended.exe:0xc23c9e8,player
enum_value,EPlayerActionIndex,Emote_Yes,low,ArkAscended.exe,ascii,ArkAscended.exe:0xc23ca28,player
enum_value,EPlayerActionIndex,None,low,ArkAscended.exe,ascii,ArkAscended.exe:0xc23c798,player
enum_value,EPlayerActionIndex,Poop,low,ArkAscended.exe,ascii,ArkAscended.exe:0xc23cd40,player
enum_value,EPlayerActionIndex,ShowCraftables,low,ArkAscended.exe,ascii,ArkAscended.exe:0xc23ccf0,player
enum_value,EPlayerActionIndex,ShowEmoteSelection,low,ArkAscended.exe,ascii,ArkAscended.exe:0xc23cd88,player
enum_value,EPlayerActionIndex,ShowInventory,low,ArkAscended.exe,ascii,ArkAscended.exe:0xc23ccc8,item;player
enum_value,EPlayerActionIndex,ShowTribeManager,low,ArkAscended.exe,ascii,ArkAscended.exe:0xc23cd18,player
enum_value,EPlayerActionIndex,UnHideCompanion,low,ArkAscended.exe,ascii,ArkAscended.exe:0xc23cd60,player
enum_value,EPlayerActionIndex,WhistleAggressive,low,ArkAscended.exe,ascii,ArkAscended.exe:0xc23cba8,player
enum_value,EPlayerActionIndex,WhistleAttackTarget,low,ArkAscended.exe,ascii,ArkAscended.exe:0xc23cc48,player
enum_value,EPlayerActionIndex,WhistleAttackThisTarget,low,ArkAscended.exe,ascii,ArkAscended.exe:0xc23cc70,player
enum_value,EPlayerActionIndex,WhistleFollow,low,ArkAscended.exe,ascii,ArkAscended.exe:0xc23c7b8,player
enum_value,EPlayerActionIndex,WhistleFollowOne,low,ArkAscended.exe,ascii,ArkAscended.exe:0xc23c7e0,player
enum_value,EPlayerActionIndex,WhistleLandFlyerOne,low,ArkAscended.exe,ascii,ArkAscended.exe:0xc23cca0,player
enum_value,EPlayerActionIndex,WhistleNeutral,low,ArkAscended.exe,ascii,ArkAscended.exe:0xc23cbd0,player
enum_value,EPlayerActionIndex,WhistlePassive,low,ArkAscended.exe,ascii,ArkAscended.exe:0xc23cbf8,player
enum_value,EPlayerActionIndex,WhistlePassiveFlee,low,ArkAscended.exe,ascii,ArkAscended.exe:0xc23cc20,player
enum_value,EPlayerActionIndex,WhistleStop,low,ArkAscended.exe,ascii,ArkAscended.exe:0xc23cb60,player
enum_value,EPlayerActionIndex,WhistleStopOne,low,ArkAscended.exe,ascii,ArkAscended.exe:0xc23cb80,player
enum_value,EPlayerConfigDynamicMaterialVectorTypes,BODYFAT_FATDEPOSITS,low,ArkAscended.exe,ascii,ArkAscended.exe:0xc02a218,player
enum_value,EPlayerConfigDynamicMaterialVectorTypes,BODYMUSCLE_ARMS_1,low,ArkAscended.exe,ascii,ArkAscended.exe:0xc02a1d8,player
enum_value,EPlayerConfigDynamicMaterialVectorTypes,BODYMUSCLE_ARMS_2,low,ArkAscended.exe,ascii,ArkAscended.exe:0xc02a118,player
enum_value,EPlayerConfigDynamicMaterialVectorTypes,BODYMUSCLE_BACK,low,ArkAscended.exe,ascii,ArkAscended.exe:0xc02a198,player
enum_value,EPlayerConfigDynamicMaterialVectorTypes,BODYMUSCLE_CHEST,low,ArkAscended.exe,ascii,ArkAscended.exe:0xc02a258,player
enum_value,EPlayerConfigDynamicMaterialVectorTypes,BODYMUSCLE_LEGS_1,low,ArkAscended.exe,ascii,ArkAscended.exe:0xc02a158,player
enum_value,EPlayerConfigDynamicMaterialVectorTypes,BODYMUSCLE_LEGS_2,low,ArkAscended.exe,ascii,ArkAscended.exe:0xc02a0a8,player
enum_value,EPlayerConfigDynamicMaterialVectorTypes,MAX,low,ArkAscended.exe,ascii,ArkAscended.exe:0xc02a0e8,player
enum_value,EPlayerConfigDynamicMaterialVectorTypes,Type,low,ArkAscended.exe,ascii,ArkAscended.exe:0xc02a078,player
enum_value,EPlayerConfigPlayerDynamicMaterialSliderTypes,BODYFATOVERALL,low,ArkAscended.exe,ascii,ArkAscended.exe:0xc02b7e8,player
enum_value,EPlayerConfigPlayerDynamicMaterialSliderTypes,BODYFAT_BELLY,low,ArkAscended.exe,ascii,ArkAscended.exe:0xc02b4d8,player
enum_value,EPlayerConfigPlayerDynamicMaterialSliderTypes,BODYFAT_BUTT,low,ArkAscended.exe,ascii,ArkAscended.exe:0xc02b518,player
enum_value,EPlayerConfigPlayerDynamicMaterialSliderTypes,BODYFAT_CHEST,low,ArkAscended.exe,ascii,ArkAscended.exe:0xc02a010,player
enum_value,EPlayerConfigPlayerDynamicMaterialSliderTypes,BODYMUSCLE_ARMS_1_BICEP,low,ArkAscended.exe,ascii,ArkAscended.exe:0xc02b1c0,player
enum_value,EPlayerConfigPlayerDynamicMaterialSliderTypes,BODYMUSCLE_ARMS_1_DELTOID,low,ArkAscended.exe,ascii,ArkAscended.exe:0xc02b260,player
enum_value,EPlayerConfigPlayerDynamicMaterialSliderTypes,BODYMUSCLE_ARMS_1_TRICEP,low,ArkAscended.exe,ascii,ArkAscended.exe:0xc02b2b0,player
enum_value,EPlayerConfigPlayerDynamicMaterialSliderTypes,BODYMUSCLE_ARMS_2_FOREARM,low,ArkAscended.exe,ascii,ArkAscended.exe:0xc02b210,player
enum_value,EPlayerConfigPlayerDynamicMaterialSliderTypes,BODYMUSCLE_BACK_BACK,low,ArkAscended.exe,ascii,ArkAscended.exe:0xc02b350,player
enum_value,EPlayerConfigPlayerDynamicMaterialSliderTypes,BODYMUSCLE_BACK_NECK,low,ArkAscended.exe,ascii,ArkAscended.exe:0xc02b3f0,player
enum_value,EPlayerConfigPlayerDynamicMaterialSliderTypes,BODYMUSCLE_BACK_TRAPEZIES,low,ArkAscended.exe,ascii,ArkAscended.exe:0xc02b300,player
enum_value,EPlayerConfigPlayerDynamicMaterialSliderTypes,BODYMUSCLE_CHEST_ABS,low,ArkAscended.exe,ascii,ArkAscended.exe:0xc02b490,player
enum_value,EPlayerConfigPlayerDynamicMaterialSliderTypes,BODYMUSCLE_CHEST_OBLIQUES,low,ArkAscended.exe,ascii,ArkAscended.exe:0xc02b3a0,player
enum_value,EPlayerConfigPlayerDynamicMaterialSliderTypes,BODYMUSCLE_CHEST_PECTORALS,low,ArkAscended.exe,ascii,ArkAscended.exe:0xc02b440,player
enum_value,EPlayerConfigPlayerDynamicMaterialSliderTypes,BODYMUSCLE_LEGS_1_GLUTES,low,ArkAscended.exe,ascii,ArkAscended.exe:0xc02b170,player
enum_value,EPlayerConfigPlayerDynamicMaterialSliderTypes,BODYMUSCLE_LEGS_1_HAMSTRINGS,low,ArkAscended.exe,ascii,ArkAscended.exe:0xc02b080,player
enum_value,EPlayerConfigPlayerDynamicMaterialSliderTypes,BODYMUSCLE_LEGS_1_LATS,low,ArkAscended.exe,ascii,ArkAscended.exe:0xc02b120,player
enum_value,EPlayerConfigPlayerDynamicMaterialSliderTypes,BODYMUSCLE_LEGS_2_ADDUCTORS,low,ArkAscended.exe,ascii,ArkAscended.exe:0xc02b0d0,player
enum_value,EPlayerConfigPlayerDynamicMaterialSliderTypes,BODYMUSCLE_LEGS_2_CALVES,low,ArkAscended.exe,ascii,ArkAscended.exe:0xc02b880,player
enum_value,EPlayerConfigPlayerDynamicMaterialSliderTypes,BODYMUSCLE_LEGS_2_QUADS,low,ArkAscended.exe,ascii,ArkAscended.exe:0xc02b830,player
enum_value,EPlayerConfigPlayerDynamicMaterialSliderTypes,BODYMUSCLE_OVERALL,low,ArkAscended.exe,ascii,ArkAscended.exe:0xc02b7a0,player
enum_value,EPlayerConfigPlayerDynamicMaterialSliderTypes,MAX,low,ArkAscended.exe,ascii,ArkAscended.exe:0xc02b730,player
enum_value,EPlayerConfigPlayerDynamicMaterialSliderTypes,Type,low,ArkAscended.exe,ascii,ArkAscended.exe:0xc02b688,player
enum_value,EPlayerDynamicMaterialType,Color,low,ArkAscended.exe,ascii,ArkAscended.exe:0xc02be50,player
enum_value,EPlayerDynamicMaterialType,Float,low,ArkAscended.exe,ascii,ArkAscended.exe:0xc02beb0,player
enum_value,EPlayerDynamicMaterialType,Type,low,ArkAscended.exe,ascii,ArkAscended.exe:0xc02c188,player
enum_value,EPlayerDynamicMaterialType,Vector,low,ArkAscended.exe,ascii,ArkAscended.exe:0xc02be28,player
enum_value,EPlayerHeatMapHeatLevel,ErrorHeat,low,ArkAscended.exe,ascii,ArkAscended.exe:0xc23b3f0,player
enum_value,EPlayerHeatMapHeatLevel,HighHeat,low,ArkAscended.exe,ascii,ArkAscended.exe:0xc23bff8,player
enum_value,EPlayerHeatMapHeatLevel,Level,low,ArkAscended.exe,ascii,ArkAscended.exe:0xc23c060,player
enum_value,EPlayerHeatMapHeatLevel,LowHeat,low,ArkAscended.exe,ascii,ArkAscended.exe:0xc23b438,player
enum_value,EPlayerHeatMapHeatLevel,LowMediumHeat,low,ArkAscended.exe,ascii,ArkAscended.exe:0xc23b460,player
enum_value,EPlayerHeatMapHeatLevel,MaxHeat,low,ArkAscended.exe,ascii,ArkAscended.exe:0xc23c020,player
enum_value,EPlayerHeatMapHeatLevel,MediumHeat,low,ArkAscended.exe,ascii,ArkAscended.exe:0xc23bfa8,player
enum_value,EPlayerHeatMapHeatLevel,MediumHighHeat,low,ArkAscended.exe,ascii,ArkAscended.exe:0xc23bfd0,player
enum_value,EPlayerHeatMapHeatLevel,NoHeat,low,ArkAscended.exe,ascii,ArkAscended.exe:0xc23b418,player
enum_value,EPlayerMappableKeySettingBehaviors,IgnoreSettings,low,ArkAscended.exe,ascii,ArkAscended.exe:0xbd6b048,player
enum_value,EPlayerMappableKeySettingBehaviors,InheritSettingsFromAction,low,ArkAscended.exe,ascii,ArkAscended.exe:0xbd6afe0,player
enum_value,EPlayerMappableKeySettingBehaviors,OverrideSettings,low,ArkAscended.exe,ascii,ArkAscended.exe:0xbd6afa8,player
enum_value,EPlayerMappableKeySlot,Fifth,low,ArkAscended.exe,ascii,ArkAscended.exe:0xbd6a788,player
enum_value,EPlayerMappableKeySlot,First,low,ArkAscended.exe,ascii,ArkAscended.exe:0xbd6ada0,player
enum_value,EPlayerMappableKeySlot,Fourth,low,ArkAscended.exe,ascii,ArkAscended.exe:0xbd6a7a8,player
enum_value,EPlayerMappableKeySlot,Max,low,ArkAscended.exe,ascii,ArkAscended.exe:0xbd6a808,player
enum_value,EPlayerMappableKeySlot,Second,low,ArkAscended.exe,ascii,ArkAscended.exe:0xbd6a768,player
enum_value,EPlayerMappableKeySlot,Seventh,low,ArkAscended.exe,ascii,ArkAscended.exe:0xbd6a7c8,player
enum_value,EPlayerMappableKeySlot,Sixth,low,ArkAscended.exe,ascii,ArkAscended.exe:0xbd6a7e8,player
enum_value,EPlayerMappableKeySlot,Third,low,ArkAscended.exe,ascii,ArkAscended.exe:0xbd6a748,player
enum_value,EPlayerMappableKeySlot,Unspecified,low,ArkAscended.exe,ascii,ArkAscended.exe:0xbd6a828,player
enum_value,EPrimalARKTributeDataType,CharacterData,low,ArkAscended.exe,ascii,ArkAscended.exe:0xc23c2e8,creature;player
enum_value,EPrimalARKTributeDataType,Items,low,ArkAscended.exe,ascii,ArkAscended.exe:0xc23c298,item
enum_value,EPrimalARKTributeDataType,TamedDinos,low,ArkAscended.exe,ascii,ArkAscended.exe:0xc23c2c0,creature
enum_value,EPrimalCharacterInputType,AltFire,low,ArkAscended.exe,ascii,ArkAscended.exe:0xc02e038,creature
enum_value,EPrimalCharacterInputType,Crouch,low,ArkAscended.exe,ascii,ArkAscended.exe:0xc02e010,creature
enum_value,EPrimalCharacterInputType,CrouchProneToggle,low,ArkAscended.exe,ascii,ArkAscended.exe:0xc02dfb8,creature
enum_value,EPrimalCharacterInputType,DinoAttack,low,ArkAscended.exe,ascii,ArkAscended.exe:0xc02df68,creature
enum_value,EPrimalCharacterInputType,PrimaryFire,low,ArkAscended.exe,ascii,ArkAscended.exe:0xc02e088,creature
enum_value,EPrimalCharacterInputType,Prone,low,ArkAscended.exe,ascii,ArkAscended.exe:0xc02df90,creature
enum_value,EPrimalCharacterInputType,Reload,low,ArkAscended.exe,ascii,ArkAscended.exe:0xc02dfe8,creature
enum_value,EPrimalCharacterInputType,SwitchMap,low,ArkAscended.exe,ascii,ArkAscended.exe:0xc02df40,creature
enum_value,EPrimalCharacterInputType,SwitchWeapon,low,ArkAscended.exe,ascii,ArkAscended.exe:0xc02e060,creature;item
enum_value,EPrimalCharacterInputType,Targeting,low,ArkAscended.exe,ascii,ArkAscended.exe:0xc02e0b0,creature
enum_value,EPrimalCharacterInputType,Type,low,ArkAscended.exe,ascii,ArkAscended.exe:0xc02e3f8,creature
enum_value,EPrimalCharacterStatusState,Cold,high,ArkAscended.exe,ascii,ArkAscended.exe:0xc02d880,creature
enum_value,EPrimalCharacterStatusState,Crafting,high,ArkAscended.exe,ascii,ArkAscended.exe:0xc02d830,creature
enum_value,EPrimalCharacterStatusState,Dead,high,ArkAscended.exe,ascii,ArkAscended.exe:0xc02da08,creature
enum_value,EPrimalCharacterStatusState,Dehydration,high,ArkAscended.exe,ascii,ArkAscended.exe:0xc02d9d8,creature
enum_value,EPrimalCharacterStatusState,Encumbered,high,ArkAscended.exe,ascii,ArkAscended.exe:0xc02d988,creature
enum_value,EPrimalCharacterStatusState,Hot,high,ArkAscended.exe,ascii,ArkAscended.exe:0xc02d808,creature
enum_value,EPrimalCharacterStatusState,Hyperthermia,high,ArkAscended.exe,ascii,ArkAscended.exe:0xc02d928,creature
enum_value,EPrimalCharacterStatusState,Hypothermia,high,ArkAscended.exe,ascii,ArkAscended.exe:0xc02d8f8,creature
enum_value,EPrimalCharacterStatusState,Injured,high,ArkAscended.exe,ascii,ArkAscended.exe:0xc02d8a8,creature
enum_value,EPrimalCharacterStatusState,KnockedOut,high,ArkAscended.exe,ascii,ArkAscended.exe:0xc02d8d0,creature
enum_value,EPrimalCharacterStatusState,MAX,high,ArkAscended.exe,ascii,ArkAscended.exe:0xc02dbe8,creature
enum_value,EPrimalCharacterStatusState,Sleeping,high,ArkAscended.exe,ascii,ArkAscended.exe:0xc02d858,creature
enum_value,EPrimalCharacterStatusState,Starvation,high,ArkAscended.exe,ascii,ArkAscended.exe:0xc02d9b0,creature
enum_value,EPrimalCharacterStatusState,Suffocation,high,ArkAscended.exe,ascii,ArkAscended.exe:0xc02d958,creature
enum_value,EPrimalCharacterStatusState,Type,high,ArkAscended.exe,ascii,ArkAscended.exe:0xc02dba8,creature
enum_value,EPrimalCharacterStatusState,Winded,high,ArkAscended.exe,ascii,ArkAscended.exe:0xc02da30,creature
enum_value,EPrimalCharacterStatusValue,CraftingSpeedMultiplier,low,ArkAscended.exe,ascii,ArkAscended.exe:0xc23bcd0,creature
enum_value,EPrimalCharacterStatusValue,Food,low,ArkAscended.exe,ascii,ArkAscended.exe:0xc23bb88,creature
enum_value,EPrimalCharacterStatusValue,Health,low,ArkAscended.exe,ascii,ArkAscended.exe:0xc23bae8,creature
enum_value,EPrimalCharacterStatusValue,MAX,low,ArkAscended.exe,ascii,ArkAscended.exe:0xc23bd08,creature
enum_value,EPrimalCharacterStatusValue,MeleeDamageMultiplier,low,ArkAscended.exe,ascii,ArkAscended.exe:0xc23bc30,creature
enum_value,EPrimalCharacterStatusValue,Oxygen,low,ArkAscended.exe,ascii,ArkAscended.exe:0xc23bb60,creature
enum_value,EPrimalCharacterStatusValue,SpeedMultiplier,low,ArkAscended.exe,ascii,ArkAscended.exe:0xc23bc68,creature
enum_value,EPrimalCharacterStatusValue,Stamina,low,ArkAscended.exe,ascii,ArkAscended.exe:0xc23bb10,creature
enum_value,EPrimalCharacterStatusValue,Temperature,low,ArkAscended.exe,ascii,ArkAscended.exe:0xc23bbd8,creature
enum_value,EPrimalCharacterStatusValue,TemperatureFortitude,low,ArkAscended.exe,ascii,ArkAscended.exe:0xc23bc98,creature
enum_value,EPrimalCharacterStatusValue,Torpidity,low,ArkAscended.exe,ascii,ArkAscended.exe:0xc23bb38,creature
enum_value,EPrimalCharacterStatusValue,Type,low,ArkAscended.exe,ascii,ArkAscended.exe:0xc23bd50,creature
enum_value,EPrimalCharacterStatusValue,Water,low,ArkAscended.exe,ascii,ArkAscended.exe:0xc23bbb0,creature
enum_value,EPrimalCharacterStatusValue,Weight,low,ArkAscended.exe,ascii,ArkAscended.exe:0xc23bc08,creature
enum_value,EPrimalConsumableType,Food,low,ArkAscended.exe,ascii,ArkAscended.exe:0xc02e668,item
enum_value,EPrimalConsumableType,MAX,low,ArkAscended.exe,ascii,ArkAscended.exe:0xc02e5f0,item
enum_value,EPrimalConsumableType,Medicine,low,ArkAscended.exe,ascii,ArkAscended.exe:0xc02e628,item
enum_value,EPrimalConsumableType,Other,low,ArkAscended.exe,ascii,ArkAscended.exe:0xc02e648,item
enum_value,EPrimalConsumableType,Type,low,ArkAscended.exe,ascii,ArkAscended.exe:0xc02da58,item
enum_value,EPrimalConsumableType,Water,low,ArkAscended.exe,ascii,ArkAscended.exe:0xc02e688,item
enum_value,EPrimalCustomCosmeticType,AllItems,low,ArkAscended.exe,ascii,ArkAscended.exe:0xc02e3b0,item
enum_value,EPrimalCustomCosmeticType,Armor,low,ArkAscended.exe,ascii,ArkAscended.exe:0xc02e280,item
enum_value,EPrimalCustomCosmeticType,CreatureCustoms,low,ArkAscended.exe,ascii,ArkAscended.exe:0xc02e318,creature
enum_value,EPrimalCustomCosmeticType,PlayerCustoms,low,ArkAscended.exe,ascii,ArkAscended.exe:0xc02e348,player
enum_value,EPrimalCustomCosmeticType,Saddles,low,ArkAscended.exe,ascii,ArkAscended.exe:0xc02e1b8,creature
enum_value,EPrimalCustomCosmeticType,Weapons,low,ArkAscended.exe,ascii,ArkAscended.exe:0xc02e2f0,item
enum_value,EPrimalEquipmentType,Accessory0,low,ArkAscended.exe,ascii,ArkAscended.exe:0xb905190,item
enum_value,EPrimalEquipmentType,Accessory1,low,ArkAscended.exe,ascii,ArkAscended.exe:0xb905168,item
enum_value,EPrimalEquipmentType,Accessory2,low,ArkAscended.exe,ascii,ArkAscended.exe:0xb905140,item
enum_value,EPrimalEquipmentType,Accessory3,low,ArkAscended.exe,ascii,ArkAscended.exe:0xb905118,item
enum_value,EPrimalEquipmentType,Accessory4,low,ArkAscended.exe,ascii,ArkAscended.exe:0xb9050f0,item
enum_value,EPrimalEquipmentType,AccessoryMAX,low,ArkAscended.exe,ascii,ArkAscended.exe:0xb9050c8,item
enum_value,EPrimalEquipmentType,Boots,low,ArkAscended.exe,ascii,ArkAscended.exe:0xb9052d0,item
enum_value,EPrimalEquipmentType,Cart,low,ArkAscended.exe,ascii,ArkAscended.exe:0xb9051d8,item
enum_value,EPrimalEquipmentType,Costume,low,ArkAscended.exe,ascii,ArkAscended.exe:0xb905040,item
enum_value,EPrimalEquipmentType,DinoSaddle,low,ArkAscended.exe,ascii,ArkAscended.exe:0xb905080,creature;item
enum_value,EPrimalEquipmentType,Gear,low,ArkAscended.exe,ascii,ArkAscended.exe:0xb9051b8,item
enum_value,EPrimalEquipmentType,Gloves,low,ArkAscended.exe,ascii,ArkAscended.exe:0xb9050a8,item
enum_value,EPrimalEquipmentType,Hat,low,ArkAscended.exe,ascii,ArkAscended.exe:0xb905330,item
enum_value,EPrimalEquipmentType,MAX,low,ArkAscended.exe,ascii,ArkAscended.exe:0xb904ef0,item
enum_value,EPrimalEquipmentType,Pants,low,ArkAscended.exe,ascii,ArkAscended.exe:0xb9052f0,item
enum_value,EPrimalEquipmentType,Pet,low,ArkAscended.exe,ascii,ArkAscended.exe:0xb904fc0,item
enum_value,EPrimalEquipmentType,Shield,low,ArkAscended.exe,ascii,ArkAscended.exe:0xb905020,item
enum_value,EPrimalEquipmentType,Shirt,low,ArkAscended.exe,ascii,ArkAscended.exe:0xb905310,item
enum_value,EPrimalEquipmentType,Snapshot,low,ArkAscended.exe,ascii,ArkAscended.exe:0xb904fe0,item
enum_value,EPrimalEquipmentType,Trophy,low,ArkAscended.exe,ascii,ArkAscended.exe:0xb905060,item
enum_value,EPrimalEquipmentType,Type,low,ArkAscended.exe,ascii,ArkAscended.exe:0xb904eb8,item
enum_value,EPrimalEquipmentType,Weapon,low,ArkAscended.exe,ascii,ArkAscended.exe:0xb905000,item
enum_value,EPrimalGDKStat,CreatureTamed,low,ArkAscended.exe,ascii,ArkAscended.exe:0xc1d5f60,creature
enum_value,EPrimalGDKStat,KilledSurvivor,low,ArkAscended.exe,ascii,ArkAscended.exe:0xc1d5f80,player
enum_value,EPrimalGDKStat,PlayerDied,low,ArkAscended.exe,ascii,ArkAscended.exe:0xc1d5fa0,player
enum_value,EPrimalItemMessage,Broken,low,ArkAscended.exe,ascii,ArkAscended.exe:0xc043360,item
enum_value,EPrimalItemMessage,MAX,low,ArkAscended.exe,ascii,ArkAscended.exe:0xc043320,item
enum_value,EPrimalItemMessage,Repaired,low,ArkAscended.exe,ascii,ArkAscended.exe:0xc043300,item
enum_value,EPrimalItemMessage,Type,low,ArkAscended.exe,ascii,ArkAscended.exe:0xc0432e0,item
enum_value,EPrimalItemStat,Armor,low,ArkAscended.exe,ascii,ArkAscended.exe:0xc02d148,item
enum_value,EPrimalItemStat,GenericQuality,low,ArkAscended.exe,ascii,ArkAscended.exe:0xc02d128,item
enum_value,EPrimalItemStat,HyperthermalInsulation,low,ArkAscended.exe,ascii,ArkAscended.exe:0xc02e168,item
enum_value,EPrimalItemStat,HypothermalInsulation,low,ArkAscended.exe,ascii,ArkAscended.exe:0xc02d0b8,item
enum_value,EPrimalItemStat,MAX,low,ArkAscended.exe,ascii,ArkAscended.exe:0xc02e128,item
enum_value,EPrimalItemStat,MaxDurability,low,ArkAscended.exe,ascii,ArkAscended.exe:0xc02d0e0,item
enum_value,EPrimalItemStat,Type,low,ArkAscended.exe,ascii,ArkAscended.exe:0xc02e0d8,item
enum_value,EPrimalItemStat,WeaponClipAmmo,low,ArkAscended.exe,ascii,ArkAscended.exe:0xc02d098,item
enum_value,EPrimalItemStat,WeaponDamagePercent,low,ArkAscended.exe,ascii,ArkAscended.exe:0xc02d100,item
enum_value,EPrimalItemStat,Weight,low,ArkAscended.exe,ascii,ArkAscended.exe:0xc02e150,item
enum_value,EPrimalItemType,Ammo,low,ArkAscended.exe,ascii,ArkAscended.exe:0xc02e4c0,item
enum_value,EPrimalItemType,Artifact,low,ArkAscended.exe,ascii,ArkAscended.exe:0xc02e468,item
enum_value,EPrimalItemType,Equipment,low,ArkAscended.exe,ascii,ArkAscended.exe:0xc02e4f8,item
enum_value,EPrimalItemType,MAX,low,ArkAscended.exe,ascii,ArkAscended.exe:0xc02e418,item
enum_value,EPrimalItemType,MiscConsumable,low,ArkAscended.exe,ascii,ArkAscended.exe:0xc02e550,item
enum_value,EPrimalItemType,Resource,low,ArkAscended.exe,ascii,ArkAscended.exe:0xc02e488,item
enum_value,EPrimalItemType,Skin,low,ArkAscended.exe,ascii,ArkAscended.exe:0xc02e4a8,item
enum_value,EPrimalItemType,Structure,low,ArkAscended.exe,ascii,ArkAscended.exe:0xc02e4d8,item
enum_value,EPrimalItemType,Type,low,ArkAscended.exe,ascii,ArkAscended.exe:0xc02e7d8,item
enum_value,EPrimalItemType,Weapon,low,ArkAscended.exe,ascii,ArkAscended.exe:0xc02e518,item
enum_value,EPrimalItemType,WeaponAttachment,low,ArkAscended.exe,ascii,ArkAscended.exe:0xc02e440,item
enum_value,EPrimalMilestoneType,ClaimWildBaby,low,ArkAscended.exe,ascii,ArkAscended.exe:0xc243190,creature
enum_value,EPrimalMilestoneType,Loot,low,ArkAscended.exe,ascii,ArkAscended.exe:0xc242808,item
enum_value,EPrimalMilestoneType,LootItem,low,ArkAscended.exe,ascii,ArkAscended.exe:0xc2430f0,item
enum_value,EPrimalMilestoneType,ReinforceItem,low,ArkAscended.exe,ascii,ArkAscended.exe:0xc2431e0,item
enum_value,EPrimalMilestoneType,Tame,low,ArkAscended.exe,ascii,ArkAscended.exe:0xc2427a8,creature
enum_value,EPrimalMilestoneType,WeaponDamage,low,ArkAscended.exe,ascii,ArkAscended.exe:0xc2430a8,item
enum_value,EPrimalStatsValueTypes,HitsDinoBody,low,ArkAscended.exe,ascii,ArkAscended.exe:0xc1d5cd8,creature
enum_value,EPrimalStatsValueTypes,HitsDinoCritical,low,ArkAscended.exe,ascii,ArkAscended.exe:0xc1d5d00,creature
enum_value,EPrimalStatsValueTypes,HitsPlayerBody,low,ArkAscended.exe,ascii,ArkAscended.exe:0xc1d5d30,player
enum_value,EPrimalStatsValueTypes,HitsPlayerCritical,low,ArkAscended.exe,ascii,ArkAscended.exe:0xc1d5d58,player
enum_value,EResourceName,Albedo,low,ArkAscended.exe,ascii,ArkAscended.exe:0xcc27510,item
enum_value,EResourceName,Color,low,ArkAscended.exe,ascii,ArkAscended.exe:0xcc274f8,item
enum_value,EResourceName,Flow,low,ArkAscended.exe,ascii,ArkAscended.exe:0xcc27330,item
enum_value,EResourceName,Normal,low,ArkAscended.exe,ascii,ArkAscended.exe:0xcc27318,item
enum_value,EResourceName,Output,low,ArkAscended.exe,ascii,ArkAscended.exe:0xcc27348,item
enum_value,ERigSwitchParentMode,ParentItem,low,ArkAscended.exe,ascii,ArkAscended.exe:0xc6f0010,item
enum_value,ESTOFNotificationType,TribeEliminated,low,ArkAscended.exe,ascii,ArkAscended.exe:0xc23c5f8,player
enum_value,ESamplePlayerSeekType,Count,low,ArkAscended.exe,ascii,ArkAscended.exe:0xbdfdf58,player
enum_value,ESamplePlayerSeekType,FromBeginning,low,ArkAscended.exe,ascii,ArkAscended.exe:0xbdfdef8,player
enum_value,ESamplePlayerSeekType,FromCurrentPosition,low,ArkAscended.exe,ascii,ArkAscended.exe:0xbdfde78,player
enum_value,ESamplePlayerSeekType,FromEnd,low,ArkAscended.exe,ascii,ArkAscended.exe:0xbdfdea8,player
enum_value,EServerOctreeGroup,DINOFOODCONTAINER,low,ArkAscended.exe,ascii,ArkAscended.exe:0xc339908,creature
enum_value,EServerOctreeGroup,DINOPAWNS,low,ArkAscended.exe,ascii,ArkAscended.exe:0xc339798,creature
enum_value,EServerOctreeGroup,DINOPAWNS_TAMED,low,ArkAscended.exe,ascii,ArkAscended.exe:0xc339898,creature
enum_value,EServerOctreeGroup,PLAYERPAWNS,low,ArkAscended.exe,ascii,ArkAscended.exe:0xc339778,player
enum_value,EServerOctreeGroup,PLAYERS_AND_TAMED_DINOS,low,ArkAscended.exe,ascii,ArkAscended.exe:0xc339950,creature;player
enum_value,EServerOctreeGroup,PLAYERS_CONNECTED,low,ArkAscended.exe,ascii,ArkAscended.exe:0xc339848,player
enum_value,EServerOctreeGroup,PLAYERS_CONNECTED_AND_TAMED_DINOS,low,ArkAscended.exe,ascii,ArkAscended.exe:0xc339980,creature;player
enum_value,EShaderParamBindingType,ReadOnlyResource,low,ArkAscended.exe,ascii,ArkAscended.exe:0xc41a9b8,item
enum_value,EShaderParamBindingType,ReadWriteResource,low,ArkAscended.exe,ascii,ArkAscended.exe:0xc41a9e8,item
enum_value,EShaderParamModifier,In,low,ArkAscended.exe,ascii,ArkAscended.exe:0xc41b108,item
enum_value,EShaderParamModifier,InOut,low,ArkAscended.exe,ascii,ArkAscended.exe:0xc41b0c8,item
enum_value,EShaderParamModifier,None,low,ArkAscended.exe,ascii,ArkAscended.exe:0xc41b0e8,item
enum_value,EShaderParamModifier,Out,low,ArkAscended.exe,ascii,ArkAscended.exe:0xc41b0a8,item
enum_value,EShaderResourceType,Buffer,low,ArkAscended.exe,ascii,ArkAscended.exe:0xc41b1d8,item
enum_value,EShaderResourceType,ByteAddressBuffer,low,ArkAscended.exe,ascii,ArkAscended.exe:0xc41b2a8,item
enum_value,EShaderResourceType,None,low,ArkAscended.exe,ascii,ArkAscended.exe:0xc41aa68,item
enum_value,EShaderResourceType,StructuredBuffer,low,ArkAscended.exe,ascii,ArkAscended.exe:0xc41b280,item
enum_value,EShaderResourceType,Texture1D,low,ArkAscended.exe,ascii,ArkAscended.exe:0xc41aa88,item
enum_value,EShaderResourceType,Texture2D,low,ArkAscended.exe,ascii,ArkAscended.exe:0xc41b1f8,item
enum_value,EShaderResourceType,Texture3D,low,ArkAscended.exe,ascii,ArkAscended.exe:0xc41b218,item
enum_value,EShaderResourceType,TextureCube,low,ArkAscended.exe,ascii,ArkAscended.exe:0xc41b1b0,item
enum_value,ESkeletalMeshAsyncProperties,SkinWeightProfiles,low,ArkAscended.exe,ascii,ArkAscended.exe:0xb9735a8,item
enum_value,ESkillBuffAplicationType,Mount,low,ArkAscended.exe,ascii,ArkAscended.exe:0xc242898,creature
enum_value,ESkillBuffAplicationType,MountOrPlayer,low,ArkAscended.exe,ascii,ArkAscended.exe:0xc2428e8,creature;player
enum_value,ESkillBuffAplicationType,Player,low,ArkAscended.exe,ascii,ArkAscended.exe:0xc242870,player
enum_value,ESkillBuffAplicationType,PlayerAndMount,low,ArkAscended.exe,ascii,ArkAscended.exe:0xc2428b8,creature;player
enum_value,ESkinCacheDefaultBehavior,Exclusive,low,ArkAscended.exe,ascii,ArkAscended.exe:0xb97b2c8,item
enum_value,ESkinCacheDefaultBehavior,Inclusive,low,ArkAscended.exe,ascii,ArkAscended.exe:0xb97b2a0,item
enum_value,ESkinCacheUsage,Auto,low,ArkAscended.exe,ascii,ArkAscended.exe:0xb97b1e0,item
enum_value,ESkinCacheUsage,Disabled,low,ArkAscended.exe,ascii,ArkAscended.exe:0xb97b238,item
enum_value,ESkinCacheUsage,Enabled,low,ArkAscended.exe,ascii,ArkAscended.exe:0xb97b218,item
enum_value,ESkinWeightProfileLayer,Primary,low,ArkAscended.exe,ascii,ArkAscended.exe:0xb6411a8,item
enum_value,ESkinWeightProfileLayer,Secondary,low,ArkAscended.exe,ascii,ArkAscended.exe:0xb641180,item
enum_value,ESpectatorReservationResult,IncorrectPlayerCount,low,ArkAscended.exe,ascii,ArkAscended.exe:0xba91718,player
enum_value,ESpectatorReservationResult,ReservationDenied_ContainsExistingPlayers,low,ArkAscended.exe,ascii,ArkAscended.exe:0xba914c0,player
enum_value,ESplitScreenType,FourPlayer_Grid,low,ArkAscended.exe,ascii,ArkAscended.exe:0xb668550,player
enum_value,ESplitScreenType,FourPlayer_Horizontal,low,ArkAscended.exe,ascii,ArkAscended.exe:0xb668500,player
enum_value,ESplitScreenType,FourPlayer_Vertical,low,ArkAscended.exe,ascii,ArkAscended.exe:0xb668528,player
enum_value,ESplitScreenType,ThreePlayer_FavorBottom,low,ArkAscended.exe,ascii,ArkAscended.exe:0xb6685d0,player
enum_value,ESplitScreenType,ThreePlayer_FavorTop,low,ArkAscended.exe,ascii,ArkAscended.exe:0xb668600,player
enum_value,ESplitScreenType,ThreePlayer_Horizontal,low,ArkAscended.exe,ascii,ArkAscended.exe:0xb668578,player
enum_value,ESplitScreenType,ThreePlayer_Vertical,low,ArkAscended.exe,ascii,ArkAscended.exe:0xb6685a8,player
enum_value,ESplitScreenType,TwoPlayer_Horizontal,low,ArkAscended.exe,ascii,ArkAscended.exe:0xb668650,player
enum_value,ESplitScreenType,TwoPlayer_Vertical,low,ArkAscended.exe,ascii,ArkAscended.exe:0xb668628,player
enum_value,ESubscriptionSyncItemStatus,Failed,low,ArkAscended.exe,ascii,ArkAscended.exe:0xbbdd3b0,item
enum_value,ESubscriptionSyncItemStatus,Success,low,ArkAscended.exe,ascii,ArkAscended.exe:0xbbdd430,item
enum_value,ETaskResourceOverlapPolicy,RequestCancelAndStartAtEnd,low,ArkAscended.exe,ascii,ArkAscended.exe:0xbc4d210,item
enum_value,ETaskResourceOverlapPolicy,RequestCancelAndStartOnTop,low,ArkAscended.exe,ascii,ArkAscended.exe:0xbc4d290,item
enum_value,ETaskResourceOverlapPolicy,StartAtEnd,low,ArkAscended.exe,ascii,ArkAscended.exe:0xbc4d268,item
enum_value,ETaskResourceOverlapPolicy,StartOnTop,low,ArkAscended.exe,ascii,ArkAscended.exe:0xbc4d300,item
enum_value,ETeamPingType,LootIt,low,ArkAscended.exe,ascii,ArkAscended.exe:0xc02c068,item
enum_value,ETeamPingType,Tame,low,ArkAscended.exe,ascii,ArkAscended.exe:0xc02c110,creature
enum_value,ETemporalInputResourceName,Albedo,low,ArkAscended.exe,ascii,ArkAscended.exe:0xcc27648,item
enum_value,ETemporalInputResourceName,Color,low,ArkAscended.exe,ascii,ArkAscended.exe:0xcc27878,item
enum_value,ETemporalInputResourceName,Flow,low,ArkAscended.exe,ascii,ArkAscended.exe:0xcc27698,item
enum_value,ETemporalInputResourceName,Normal,low,ArkAscended.exe,ascii,ArkAscended.exe:0xcc27670,item
enum_value,ETemporalInputResourceName,Output,low,ArkAscended.exe,ascii,ArkAscended.exe:0xcc276c0,item
enum_value,ETemporalOutputResourceName,Output,low,ArkAscended.exe,ascii,ArkAscended.exe:0xcc27740,item
enum_value,ETextureSourceEncoding,TSE_AlexaV3LogC,low,ArkAscended.exe,ascii,ArkAscended.exe:0xb65afd0,item
enum_value,ETextureSourceEncoding,TSE_BT1886,low,ArkAscended.exe,ascii,ArkAscended.exe:0xb65acf8,item
enum_value,ETextureSourceEncoding,TSE_CanonLog,low,ArkAscended.exe,ascii,ArkAscended.exe:0xb65afa8,item
enum_value,ETextureSourceEncoding,TSE_Cineon,low,ArkAscended.exe,ascii,ArkAscended.exe:0xb65b0c0,item
enum_value,ETextureSourceEncoding,TSE_Gamma22,low,ArkAscended.exe,ascii,ArkAscended.exe:0xb65ad20,item
enum_value,ETextureSourceEncoding,TSE_Gamma26,low,ArkAscended.exe,ascii,ArkAscended.exe:0xb65b0e8,item
enum_value,ETextureSourceEncoding,TSE_Linear,low,ArkAscended.exe,ascii,ArkAscended.exe:0xb65ad98,item
enum_value,ETextureSourceEncoding,TSE_MAX,low,ArkAscended.exe,ascii,ArkAscended.exe:0xb65af38,item
enum_value,ETextureSourceEncoding,TSE_None,low,ArkAscended.exe,ascii,ArkAscended.exe:0xb65adc0,item
enum_value,ETextureSourceEncoding,TSE_ProTune,low,ArkAscended.exe,ascii,ArkAscended.exe:0xb65af80,item
enum_value,ETextureSourceEncoding,TSE_REDLog,low,ArkAscended.exe,ascii,ArkAscended.exe:0xb65b098,item
enum_value,ETextureSourceEncoding,TSE_REDLog3G10,low,ArkAscended.exe,ascii,ArkAscended.exe:0xb65b070,item
enum_value,ETextureSourceEncoding,TSE_SLog1,low,ArkAscended.exe,ascii,ArkAscended.exe:0xb65b048,item
enum_value,ETextureSourceEncoding,TSE_SLog2,low,ArkAscended.exe,ascii,ArkAscended.exe:0xb65b020,item
enum_value,ETextureSourceEncoding,TSE_SLog3,low,ArkAscended.exe,ascii,ArkAscended.exe:0xb65aff8,item
enum_value,ETextureSourceEncoding,TSE_ST2084,low,ArkAscended.exe,ascii,ArkAscended.exe:0xb65ad48,item
enum_value,ETextureSourceEncoding,TSE_VLog,low,ArkAscended.exe,ascii,ArkAscended.exe:0xb65af58,item
enum_value,ETextureSourceEncoding,TSE_sRGB,low,ArkAscended.exe,ascii,ArkAscended.exe:0xb65ad70,item
enum_value,EThreePlayerSplitScreenType,FavorBottom,low,ArkAscended.exe,ascii,ArkAscended.exe:0xb0537a0,player
enum_value,EThreePlayerSplitScreenType,FavorTop,low,ArkAscended.exe,ascii,ArkAscended.exe:0xb0536f0,player
enum_value,EThreePlayerSplitScreenType,Horizontal,low,ArkAscended.exe,ascii,ArkAscended.exe:0xb053758,player
enum_value,EThreePlayerSplitScreenType,Type,low,ArkAscended.exe,ascii,ArkAscended.exe:0xb053a28,player
enum_value,EThreePlayerSplitScreenType,Vertical,low,ArkAscended.exe,ascii,ArkAscended.exe:0xb0537d0,player
enum_value,ETrackedActorCategory,Creatures,low,ArkAscended.exe,ascii,ArkAscended.exe:0xc241948,creature
enum_value,ETransitionRequestOverwriteMode,Append,low,ArkAscended.exe,ascii,ArkAscended.exe:0xb6bf490,item
enum_value,ETransitionRequestOverwriteMode,Ignore,low,ArkAscended.exe,ascii,ArkAscended.exe:0xb6bf4b8,item
enum_value,ETransitionRequestOverwriteMode,Overwrite,low,ArkAscended.exe,ascii,ArkAscended.exe:0xb6bf4e0,item
enum_value,ETribeGroupPermission,BANISHMEMBER,low,ArkAscended.exe,ascii,ArkAscended.exe:0xc02cea8,player
enum_value,ETribeGroupPermission,DEMOTEMEMBER,low,ArkAscended.exe,ascii,ArkAscended.exe:0xc02ce80,player
enum_value,ETribeGroupPermission,GENERAL_BUILDSTRUCTUREINRANGE,low,ArkAscended.exe,ascii,ArkAscended.exe:0xc02caf8,player
enum_value,ETribeGroupPermission,GENERAL_STRUCTUREATTACHMENT,low,ArkAscended.exe,ascii,ArkAscended.exe:0xc02cac0,player
enum_value,ETribeGroupPermission,GENERAL_STRUCTUREDEMOLISH,low,ArkAscended.exe,ascii,ArkAscended.exe:0xc02cb50,player
enum_value,ETribeGroupPermission,INVENTORYACCESS,low,ArkAscended.exe,ascii,ArkAscended.exe:0xc02cb88,item;player
enum_value,ETribeGroupPermission,INVITEMEMBER,low,ArkAscended.exe,ascii,ArkAscended.exe:0xc02ca70,item;player
enum_value,ETribeGroupPermission,PET_ORDER,low,ArkAscended.exe,ascii,ArkAscended.exe:0xc02cbb0,player
enum_value,ETribeGroupPermission,PET_RIDE,low,ArkAscended.exe,ascii,ArkAscended.exe:0xc02cb30,player
enum_value,ETribeGroupPermission,PET_UNCLAIM,low,ArkAscended.exe,ascii,ArkAscended.exe:0xc02ce30,player
enum_value,ETribeGroupPermission,PING,low,ArkAscended.exe,ascii,ArkAscended.exe:0xc02ce10,player
enum_value,ETribeGroupPermission,PROMOTEMEMBER,low,ArkAscended.exe,ascii,ArkAscended.exe:0xc02ca98,player
enum_value,ETribeGroupPermission,RALLYPOINT,low,ArkAscended.exe,ascii,ArkAscended.exe:0xc02cd98,player
enum_value,ETribeGroupPermission,STRUCTUREACTIVATE,low,ArkAscended.exe,ascii,ArkAscended.exe:0xc02cc08,player
enum_value,ETribeGroupPermission,TELEPORT_DINOS,low,ArkAscended.exe,ascii,ArkAscended.exe:0xc02cde8,creature;player
enum_value,ETribeGroupPermission,TELEPORT_MEMBERS,low,ArkAscended.exe,ascii,ArkAscended.exe:0xc02ce58,player
enum_value,ETribeGroupPermission,Type,low,ArkAscended.exe,ascii,ArkAscended.exe:0xc02cd78,player
enum_value,ETribeGroupPermission,WIRELESSCRAFTING,low,ArkAscended.exe,ascii,ArkAscended.exe:0xc02cdc0,player
enum_value,ETriggerEffectType,Weapon,low,ArkAscended.exe,ascii,ArkAscended.exe:0xc1d0800,item
enum_value,ETwoPlayerSplitScreenType,Horizontal,low,ArkAscended.exe,ascii,ArkAscended.exe:0xb053858,player
enum_value,ETwoPlayerSplitScreenType,Type,low,ArkAscended.exe,ascii,ArkAscended.exe:0xb053738,player
enum_value,ETwoPlayerSplitScreenType,Vertical,low,ArkAscended.exe,ascii,ArkAscended.exe:0xb053880,player
enum_value,EUVLayoutType,Stack,low,ArkAscended.exe,ascii,ArkAscended.exe:0xc490908,item
enum_value,EWeaponAmmoReloadState,Playing_Anim,medium,ArkAscended.exe,ascii,ArkAscended.exe:0xc243e48,item
enum_value,EWeaponAmmoReloadState,Ready,medium,ArkAscended.exe,ascii,ArkAscended.exe:0xc243ea0,item
enum_value,EWeaponAmmoReloadState,Waiting_For_Ammo,medium,ArkAscended.exe,ascii,ArkAscended.exe:0xc243ec0,item
enum_value,EWeaponState,Equipping,medium,ArkAscended.exe,ascii,ArkAscended.exe:0xc244090,item
enum_value,EWeaponState,Firing,medium,ArkAscended.exe,ascii,ArkAscended.exe:0xc244058,item
enum_value,EWeaponState,Idle,medium,ArkAscended.exe,ascii,ArkAscended.exe:0xc244008,item
enum_value,EWeaponState,Reloading,medium,ArkAscended.exe,ascii,ArkAscended.exe:0xc244040,item
enum_value,EWeaponState,Type,medium,ArkAscended.exe,ascii,ArkAscended.exe:0xc2440a8,item
enum_value,EWeaponState,UnEquipping,medium,ArkAscended.exe,ascii,ArkAscended.exe:0xc244070,item
enum_value,EWirelessTransmissionType,Ammo,low,ArkAscended.exe,ascii,ArkAscended.exe:0xc14b0f8,item
enum_value,EWirelessTransmissionType,ItemTransfer,low,ArkAscended.exe,ascii,ArkAscended.exe:0xc14b3b8,item
enum_value,EXPType,XP_TAMEDKILL,low,ArkAscended.exe,ascii,ArkAscended.exe:0xc02d000,creature
enum_value,EXPType,XP_WILDKILL,low,ArkAscended.exe,ascii,ArkAscended.exe:0xc02d038,creature
enum_value,EXRControllerPoseType,Aim,low,ArkAscended.exe,ascii,ArkAscended.exe:0xb237968,player
enum_value,EXRControllerPoseType,Grip,low,ArkAscended.exe,ascii,ArkAscended.exe:0xb237988,player
enum_value,EXRControllerPoseType,Palm,low,ArkAscended.exe,ascii,ArkAscended.exe:0xb2379a8,player
enum_value,EXRSystemFlags,IsHeadMounted,low,ArkAscended.exe,ascii,ArkAscended.exe:0xb237380,creature
enum_value,EXRTrackedDeviceType,Controller,low,ArkAscended.exe,ascii,ArkAscended.exe:0xb237b48,player
enum_value,EXRTrackedDeviceType,HeadMountedDisplay,low,ArkAscended.exe,ascii,ArkAscended.exe:0xb237b18,creature
enum_value,EXRVisualType,Controller,low,ArkAscended.exe,ascii,ArkAscended.exe:0xb237880,player
enum_value,FAnimNode_BlendSpacePlayerBase,GetBlendSpace,low,ArkAscended.exe,utf16le,ArkAscended.exe:0xb34d800,player
enum_value,FAnimNode_BlendSpacePlayerBase,GetPlayRate,low,ArkAscended.exe,utf16le,ArkAscended.exe:0xb34dc40,player
enum_value,FAnimNode_BlendSpacePlayerBase,GetPosition,low,ArkAscended.exe,utf16le,ArkAscended.exe:0xb34dd10,player
enum_value,FAnimNode_BlendSpacePlayerBase,GetStartPosition,low,ArkAscended.exe,utf16le,ArkAscended.exe:0xb34dca0,player
enum_value,FAnimNode_BlendSpacePlayerBase,SetBlendSpace,low,ArkAscended.exe,utf16le,ArkAscended.exe:0xb34dab0,player
enum_value,FAnimNode_BlendSpacePlayerBase,SetLoop,low,ArkAscended.exe,utf16le,ArkAscended.exe:0xb34de10,player
enum_value,FAnimNode_BlendSpacePlayerBase,SetPlayRate,low,ArkAscended.exe,utf16le,ArkAscended.exe:0xb34d9f0,player
enum_value,FAnimNode_BlendSpacePlayerBase,SetPosition,low,ArkAscended.exe,utf16le,ArkAscended.exe:0xb34da50,player
enum_value,FAnimNode_BlendSpacePlayerBase,SetResetPlayTimeWhenBlendSpaceChanges,low,ArkAscended.exe,utf16le,ArkAscended.exe:0xb34db10,player
enum_value,FAnimNode_BlendSpacePlayerBase,ShouldResetPlayTimeWhenBlendSpaceChanges,low,ArkAscended.exe,utf16le,ArkAscended.exe:0xb34dba0,player
enum_value,FD3D11DynamicRHI,CreateTextureFromResource,low,ArkAscended.exe,utf16le,ArkAscended.exe:0xb23f0f0,item
enum_value,FEOSGameAntiCheat,RegisterPlayer,low,ArkAscended.exe,ascii,ArkAscended.exe:0xbc05f40,player
enum_value,FEOSGameAntiCheat,UnregisterPlayer,low,ArkAscended.exe,ascii,ArkAscended.exe:0xbc05f68,player
enum_value,FEOS_PlayerDataStorage_ReadFileOperation,HandleReadFileCallback,low,ArkAscended.exe,utf16le,ArkAscended.exe:0xbc12240,player
enum_value,FEOS_PlayerDataStorage_WriteFileOperation,HandleWriteFileCallback,low,ArkAscended.exe,utf16le,ArkAscended.exe:0xbc11ff0,player
enum_value,FInstanceDataUpdateTaskInfo,BeginUpdateTask,low,ArkAscended.exe,utf16le,ArkAscended.exe:0xb816b10,item
enum_value,FNaniteMarkStencilPS,FParameters,low,ArkAscended.exe,utf16le,ArkAscended.exe:0xb1a7640,item
enum_value,FOnlineAsyncTaskSteamGetAllItems,Finalize,low,ArkAscended.exe,utf16le,ArkAscended.exe:0xc5b1750,item
enum_value,FOnlineAsyncTaskSteamLoadItemDefinitions,Finalize,low,ArkAscended.exe,utf16le,ArkAscended.exe:0xc5b1ac0,item
enum_value,FOnlineFriendsInterfaceSynthetic,AddRecentPlayers,low,ArkAscended.exe,utf16le,ArkAscended.exe:0xbc1c6b0,player
enum_value,FOnlineFriendsInterfaceSynthetic,BlockPlayer,low,ArkAscended.exe,utf16le,ArkAscended.exe:0xbc1cdb0,player
enum_value,FOnlineFriendsInterfaceSynthetic,QueryBlockedPlayers,low,ArkAscended.exe,utf16le,ArkAscended.exe:0xbc1cbb0,player
enum_value,FOnlineFriendsInterfaceSynthetic,QueryRecentPlayers,low,ArkAscended.exe,utf16le,ArkAscended.exe:0xbc1c870,player
enum_value,FOnlineFriendsInterfaceSynthetic,UnblockPlayer,low,ArkAscended.exe,utf16le,ArkAscended.exe:0xbc1ce70,player
enum_value,FOnlineSessionInterfaceEOS,RegisterPlayers,low,ArkAscended.exe,utf16le,ArkAscended.exe:0xbc20ab0,player
enum_value,FOnlineSessionInterfaceEOS,UnregisterPlayers,low,ArkAscended.exe,utf16le,ArkAscended.exe:0xbc208e0,player
enum_value,FOnlineStoreInterfaceV2RedpointSteam,OnGetAllItemsLoaded,low,ArkAscended.exe,utf16le,ArkAscended.exe:0xc5b09f0,item
enum_value,FOnlineStoreInterfaceV2RedpointSteam,OnItemDefinitionLoadComplete,low,ArkAscended.exe,utf16le,ArkAscended.exe:0xc5b0a70,item
enum_value,FProperty,SerializeItem,low,ArkAscended.exe,utf16le,ArkAscended.exe:0xae44920,item
enum_value,FRigUnit_AimItem,Execute,low,ArkAscended.exe,utf16le,ArkAscended.exe:0xc6fcb50,item
enum_value,FRigUnit_CCDIKItemArray,Execute,low,ArkAscended.exe,utf16le,ArkAscended.exe:0xc6fbf50,item
enum_value,FRigUnit_CCDIKPerItem,Execute,low,ArkAscended.exe,utf16le,ArkAscended.exe:0xc6fc088,item
enum_value,FRigUnit_ChainHarmonicsPerItem,Execute,low,ArkAscended.exe,utf16le,ArkAscended.exe:0xc6fa610,item
enum_value,FRigUnit_CollectionAddItem,Execute,low,ArkAscended.exe,utf16le,ArkAscended.exe:0xc6f0890,item
enum_value,FRigUnit_CollectionGetItems,Execute,low,ArkAscended.exe,utf16le,ArkAscended.exe:0xc6ede90,item
enum_value,FRigUnit_CollectionGetParentIndicesItemArray,Execute,low,ArkAscended.exe,utf16le,ArkAscended.exe:0xc6f03c0,item
enum_value,FRigUnit_CollectionItemAtIndex,Execute,low,ArkAscended.exe,utf16le,ArkAscended.exe:0xc6f0620,item
enum_value,FRigUnit_CollectionItems,Execute,low,ArkAscended.exe,utf16le,ArkAscended.exe:0xc6eddf0,item
enum_value,FRigUnit_CollectionReplaceItems,Execute,low,ArkAscended.exe,utf16le,ArkAscended.exe:0xc6edc40,item
enum_value,FRigUnit_CollectionReplaceItemsArray,Execute,low,ArkAscended.exe,utf16le,ArkAscended.exe:0xc6edb80,item
enum_value,FRigUnit_DebugArcItemSpace,Execute,low,ArkAscended.exe,utf16le,ArkAscended.exe:0xc6ebba0,item
enum_value,FRigUnit_DebugBezierItemSpace,Execute,low,ArkAscended.exe,utf16le,ArkAscended.exe:0xc6ec200,item
enum_value,FRigUnit_DebugLineItemSpace,Execute,low,ArkAscended.exe,utf16le,ArkAscended.exe:0xc6eb800,item
enum_value,FRigUnit_DebugLineStripItemSpace,Execute,low,ArkAscended.exe,utf16le,ArkAscended.exe:0xc6ebad0,item
enum_value,FRigUnit_DebugRectangleItemSpace,Execute,low,ArkAscended.exe,utf16le,ArkAscended.exe:0xc6ebc10,item
enum_value,FRigUnit_DebugTransformArrayMutableItemSpace,Execute,low,ArkAscended.exe,utf16le,ArkAscended.exe:0xc6eb340,item
enum_value,FRigUnit_DebugTransformMutableItemSpace,Execute,low,ArkAscended.exe,utf16le,ArkAscended.exe:0xc6ebdb0,item
enum_value,FRigUnit_DistributeRotationForItemArray,Execute,low,ArkAscended.exe,utf16le,ArkAscended.exe:0xc6fb9c0,item
enum_value,FRigUnit_FABRIKItemArray,Execute,low,ArkAscended.exe,utf16le,ArkAscended.exe:0xc6fbc70,item
enum_value,FRigUnit_FABRIKPerItem,Execute,low,ArkAscended.exe,utf16le,ArkAscended.exe:0xc6fba70,item
enum_value,FRigUnit_FilterItemsByMetadataTags,Execute,low,ArkAscended.exe,utf16le,ArkAscended.exe:0xc6f84a0,item
enum_value,FRigUnit_FindItemsWithMetadata,Execute,low,ArkAscended.exe,utf16le,ArkAscended.exe:0xc6f8980,item
enum_value,FRigUnit_FindItemsWithMetadataTag,Execute,low,ArkAscended.exe,utf16le,ArkAscended.exe:0xc6f8330,item
enum_value,FRigUnit_FindItemsWithMetadataTagArray,Execute,low,ArkAscended.exe,utf16le,ArkAscended.exe:0xc6f81e0,item
enum_value,FRigUnit_FitChainToCurveItemArray,Execute,low,ArkAscended.exe,utf16le,ArkAscended.exe:0xc6fe140,item
enum_value,FRigUnit_FitChainToCurvePerItem,Execute,low,ArkAscended.exe,utf16le,ArkAscended.exe:0xc6fe070,item
enum_value,FRigUnit_FitChainToSplineCurveItemArray,Execute,low,ArkAscended.exe,utf16le,ArkAscended.exe:0xcb701c0,item
enum_value,FRigUnit_FitSplineCurveToChainItemArray,Execute,low,ArkAscended.exe,utf16le,ArkAscended.exe:0xcb6fa80,item
enum_value,FRigUnit_GetBoolAnimationChannelFromItem,Execute,low,ArkAscended.exe,utf16le,ArkAscended.exe:0xc6f6dc0,item
enum_value,FRigUnit_GetFloatAnimationChannelFromItem,Execute,low,ArkAscended.exe,utf16le,ArkAscended.exe:0xc6f6eb0,item
enum_value,FRigUnit_GetIntAnimationChannelFromItem,Execute,low,ArkAscended.exe,utf16le,ArkAscended.exe:0xc6f71f0,item
enum_value,FRigUnit_GetItemNameSpace,Execute,low,ArkAscended.exe,utf16le,ArkAscended.exe:0xc6f4e00,item
enum_value,FRigUnit_GetItemShortName,Execute,low,ArkAscended.exe,utf16le,ArkAscended.exe:0xc6f4b40,item
enum_value,FRigUnit_GetItemsInNameSpace,Execute,low,ArkAscended.exe,utf16le,ArkAscended.exe:0xc6f4f00,item
enum_value,FRigUnit_GetRelativeTransformForItem,Execute,low,ArkAscended.exe,utf16le,ArkAscended.exe:0xc6f5860,item
enum_value,FRigUnit_GetRotatorAnimationChannelFromItem,Execute,low,ArkAscended.exe,utf16le,ArkAscended.exe:0xc6f74b0,item
enum_value,FRigUnit_GetTransformAnimationChannelFromItem,Execute,low,ArkAscended.exe,utf16le,ArkAscended.exe:0xc6f7310,item
enum_value,FRigUnit_GetTransformItemArray,Execute,low,ArkAscended.exe,utf16le,ArkAscended.exe:0xc6f8720,item
enum_value,FRigUnit_GetVector2DAnimationChannelFromItem,Execute,low,ArkAscended.exe,utf16le,ArkAscended.exe:0xc6f7070,item
enum_value,FRigUnit_GetVectorAnimationChannelFromItem,Execute,low,ArkAscended.exe,utf16le,ArkAscended.exe:0xc6f73b0,item
enum_value,FRigUnit_HierarchyCreatePoseItemArray,Execute,low,ArkAscended.exe,utf16le,ArkAscended.exe:0xc6f2950,item
enum_value,FRigUnit_HierarchyGetChainItemArray,Execute,low,ArkAscended.exe,utf16le,ArkAscended.exe:0xc6f3a60,item
enum_value,FRigUnit_HierarchyGetParentsItemArray,Execute,low,ArkAscended.exe,utf16le,ArkAscended.exe:0xc6f0c50,item
enum_value,FRigUnit_HierarchyGetPoseItemArray,Execute,low,ArkAscended.exe,utf16le,ArkAscended.exe:0xc6f3b60,item
enum_value,FRigUnit_HierarchyGetSiblingsItemArray,Execute,low,ArkAscended.exe,utf16le,ArkAscended.exe:0xc6f3810,item
enum_value,FRigUnit_HierarchySetPoseItemArray,Execute,low,ArkAscended.exe,utf16le,ArkAscended.exe:0xc6f32f0,item
enum_value,FRigUnit_IsItemInCurrentNameSpace,Execute,low,ArkAscended.exe,utf16le,ArkAscended.exe:0xc6f4d20,item
enum_value,FRigUnit_Item,Execute,low,ArkAscended.exe,utf16le,ArkAscended.exe:0xc6f4698,item
enum_value,FRigUnit_ItemArray,Execute,low,ArkAscended.exe,utf16le,ArkAscended.exe:0xc6f4700,item
enum_value,FRigUnit_ItemEquals,Execute,low,ArkAscended.exe,utf16le,ArkAscended.exe:0xc6f50f8,item
enum_value,FRigUnit_ItemExists,Execute,low,ArkAscended.exe,utf16le,ArkAscended.exe:0xc6f2d18,item
enum_value,FRigUnit_ItemHarmonics,Execute,low,ArkAscended.exe,utf16le,ArkAscended.exe:0xc6fa860,item
enum_value,FRigUnit_ItemNotEquals,Execute,low,ArkAscended.exe,utf16le,ArkAscended.exe:0xc6f5030,item
enum_value,FRigUnit_ItemReplace,Execute,low,ArkAscended.exe,utf16le,ArkAscended.exe:0xc6f2cb0,item
enum_value,FRigUnit_ItemToName,Execute,low,ArkAscended.exe,utf16le,ArkAscended.exe:0xc6f5198,item
enum_value,FRigUnit_ItemTypeEquals,Execute,low,ArkAscended.exe,utf16le,ArkAscended.exe:0xc6f51f0,item
enum_value,FRigUnit_ItemTypeNotEquals,Execute,low,ArkAscended.exe,utf16le,ArkAscended.exe:0xc6f5290,item
enum_value,FRigUnit_OffsetTransformForItem,Execute,low,ArkAscended.exe,utf16le,ArkAscended.exe:0xc6f8620,item
enum_value,FRigUnit_PoseGetItems,Execute,low,ArkAscended.exe,utf16le,ArkAscended.exe:0xc6f3448,item
enum_value,FRigUnit_PoseGetItemsItemArray,Execute,low,ArkAscended.exe,utf16le,ArkAscended.exe:0xc6f35f0,item
enum_value,FRigUnit_SetBoolAnimationChannelFromItem,Execute,low,ArkAscended.exe,utf16le,ArkAscended.exe:0xc6f6490,item
enum_value,FRigUnit_SetFloatAnimationChannelFromItem,Execute,low,ArkAscended.exe,utf16le,ArkAscended.exe:0xc6f6320,item
enum_value,FRigUnit_SetIntAnimationChannelFromItem,Execute,low,ArkAscended.exe,utf16le,ArkAscended.exe:0xc6f66c0,item
enum_value,FRigUnit_SetRelativeRotationForItem,Execute,low,ArkAscended.exe,utf16le,ArkAscended.exe:0xc6f90d0,item
enum_value,FRigUnit_SetRelativeTransformForItem,Execute,low,ArkAscended.exe,utf16le,ArkAscended.exe:0xc6f9180,item
enum_value,FRigUnit_SetRelativeTranslationForItem,Execute,low,ArkAscended.exe,utf16le,ArkAscended.exe:0xc6f8ff0,item
enum_value,FRigUnit_SetRotatorAnimationChannelFromItem,Execute,low,ArkAscended.exe,utf16le,ArkAscended.exe:0xc6f6970,item
enum_value,FRigUnit_SetTransformAnimationChannelFromItem,Execute,low,ArkAscended.exe,utf16le,ArkAscended.exe:0xc6f6810,item
enum_value,FRigUnit_SetTransformItemArray,Execute,low,ArkAscended.exe,utf16le,ArkAscended.exe:0xc6fb3e0,item
enum_value,FRigUnit_SetVector2DAnimationChannelFromItem,Execute,low,ArkAscended.exe,utf16le,ArkAscended.exe:0xc6f6500,item
enum_value,FRigUnit_SetVectorAnimationChannelFromItem,Execute,low,ArkAscended.exe,utf16le,ArkAscended.exe:0xc6f6600,item
enum_value,FRigUnit_SlideChainItemArray,Execute,low,ArkAscended.exe,utf16le,ArkAscended.exe:0xc6fd350,item
enum_value,FRigUnit_SlideChainPerItem,Execute,low,ArkAscended.exe,utf16le,ArkAscended.exe:0xc6fd420,item
enum_value,FRigUnit_TwistBonesPerItem,Execute,low,ArkAscended.exe,utf16le,ArkAscended.exe:0xc6ff600,item
enum_value,FRigUnit_TwoBoneIKSimplePerItem,Execute,low,ArkAscended.exe,utf16le,ArkAscended.exe:0xc700210,item
enum_value,FRigUnit_VisualDebugQuatItemSpace,Execute,low,ArkAscended.exe,utf16le,ArkAscended.exe:0xc6eb690,item
enum_value,FRigUnit_VisualDebugTransformItemSpace,Execute,low,ArkAscended.exe,utf16le,ArkAscended.exe:0xc6ea900,item
enum_value,FRigUnit_VisualDebugVectorItemSpace,Execute,low,ArkAscended.exe,utf16le,ArkAscended.exe:0xc6eb740,item
enum_value,FSkinWeightProfileManager,TickFunction,low,ArkAscended.exe,utf16le,ArkAscended.exe:0xb6d8890,item
enum_value,FSkinWeightProfileManagerTickFunction,Tick,low,ArkAscended.exe,utf16le,ArkAscended.exe:0xb6d88e0,item
enum_value,MenuStackInternal,SMenuContentWrapper,low,ArkAscended.exe,ascii,ArkAscended.exe:0xb02d998,item
enum_value,Result,eErrorMissingResourceState,low,ArkAscended.exe,ascii,ArkAscended.exe:0xba42068,item
enum_value,Substrate,TopLayerCmask,low,ArkAscended.exe,utf16le,ArkAscended.exe:0xb20fcf8,player
enum_value,UContextMenuItemSwitchMode,Checkbox,low,ArkAscended.exe,ascii,ArkAscended.exe:0xbe327e8,item
enum_value,UContextMenuItemSwitchMode,None,low,ArkAscended.exe,ascii,ArkAscended.exe:0xbe32668,item
enum_value,UContextMenuItemSwitchMode,Radio,low,ArkAscended.exe,ascii,ArkAscended.exe:0xbe32690,item
enum_value,UContextMenuItemSwitchMode,Type,low,ArkAscended.exe,ascii,ArkAscended.exe:0xbe32830,item
enum_value,UE::Anim,FBlendStackAnimEventsFilterScope,low,ArkAscended.exe,utf16le,ArkAscended.exe:0xca4eec0,item
enum_value,ULiveLinkController,GetRole,low,ArkAscended.exe,utf16le,ArkAscended.exe:0xc708500,player
enum_value,UMeshDeformerInstance,AllocateResources,low,ArkAscended.exe,utf16le,ArkAscended.exe:0xb595560,item
enum_value,UMeshDeformerInstance,ReleaseResources,low,ArkAscended.exe,utf16le,ArkAscended.exe:0xb5954a0,item
enum_value,UMetaSoundBuilderBase,BuildAndOverwriteMetaSoundInternal,low,ArkAscended.exe,utf16le,ArkAscended.exe:0xcc9ab20,item
enum_value,UNetDriver,IsNetResourceValid,low,ArkAscended.exe,utf16le,ArkAscended.exe:0xb8cdd20,item
enum_value,USkinnedAsset,FindSocket,low,ArkAscended.exe,utf16le,ArkAscended.exe:0xb984bf8,item
enum_value,USkinnedAsset,FindSocketInfo,low,ArkAscended.exe,utf16le,ArkAscended.exe:0xb984e30,item
enum_value,USkinnedAsset,GetActiveSocketList,low,ArkAscended.exe,utf16le,ArkAscended.exe:0xb97dde0,item
enum_value,USkinnedAsset,GetBounds,low,ArkAscended.exe,utf16le,ArkAscended.exe:0xb97dd68,item
enum_value,USkinnedAsset,GetComposedRefPoseMatrix,low,ArkAscended.exe,utf16le,ArkAscended.exe:0xb97dfb0,item
enum_value,USkinnedAsset,GetDefaultMeshDeformer,low,ArkAscended.exe,utf16le,ArkAscended.exe:0xb97df60,item
enum_value,USkinnedAsset,GetDefaultMinLod,low,ArkAscended.exe,utf16le,ArkAscended.exe:0xb97dcb0,item
enum_value,USkinnedAsset,GetDisableBelowMinLodStripping,low,ArkAscended.exe,utf16le,ArkAscended.exe:0xb97db80,item
enum_value,USkinnedAsset,GetHasVertexColors,low,ArkAscended.exe,utf16le,ArkAscended.exe:0xb9848f0,item
enum_value,USkinnedAsset,GetLODInfo,low,ArkAscended.exe,utf16le,ArkAscended.exe:0xb985ee8,item
enum_value,USkinnedAsset,GetLODInfoArray,low,ArkAscended.exe,utf16le,ArkAscended.exe:0xb97dc70,item
enum_value,USkinnedAsset,GetLODNum,low,ArkAscended.exe,utf16le,ArkAscended.exe:0xb985f20,item
enum_value,USkinnedAsset,GetMaterials,low,ArkAscended.exe,utf16le,ArkAscended.exe:0xb985580,item
enum_value,USkinnedAsset,GetMinLod,low,ArkAscended.exe,utf16le,ArkAscended.exe:0xb97dd30,item
enum_value,USkinnedAsset,GetMinLodIdx,low,ArkAscended.exe,utf16le,ArkAscended.exe:0xb9848b0,item
enum_value,USkinnedAsset,GetOverlayMaterial,low,ArkAscended.exe,utf16le,ArkAscended.exe:0xb97df10,item
enum_value,USkinnedAsset,GetOverlayMaterialMaxDrawDistance,low,ArkAscended.exe,utf16le,ArkAscended.exe:0xb97dea0,item
enum_value,USkinnedAsset,GetPhysicsAsset,low,ArkAscended.exe,utf16le,ArkAscended.exe:0xb97dcf0,item
enum_value,USkinnedAsset,GetPlatformMinLODIdx,low,ArkAscended.exe,utf16le,ArkAscended.exe:0xb97db00,item
enum_value,USkinnedAsset,GetRayTracingMinLOD,low,ArkAscended.exe,utf16le,ArkAscended.exe:0xb97dbe0,item
enum_value,USkinnedAsset,GetRefBasesInvMatrix,low,ArkAscended.exe,utf16le,ArkAscended.exe:0xb985700,item
enum_value,USkinnedAsset,GetRefSkeleton,low,ArkAscended.exe,utf16le,ArkAscended.exe:0xb9856b8,item
enum_value,USkinnedAsset,GetResourceForRendering,low,ArkAscended.exe,utf16le,ArkAscended.exe:0xb984860,item
enum_value,USkinnedAsset,GetShadowPhysicsAsset,low,ArkAscended.exe,utf16le,ArkAscended.exe:0xb97e000,item
enum_value,USkinnedAsset,GetSkeleton,low,ArkAscended.exe,utf16le,ArkAscended.exe:0xb97de60,item
enum_value,USkinnedAsset,GetSupportRayTracing,low,ArkAscended.exe,utf16le,ArkAscended.exe:0xb985f60,item
enum_value,USkinnedAsset,GetUVChannelData,low,ArkAscended.exe,utf16le,ArkAscended.exe:0xb97dc30,item
enum_value,USkinnedAsset,IsMaterialUsed,low,ArkAscended.exe,utf16le,ArkAscended.exe:0xb97dda0,item
enum_value,USkinnedAsset,IsValidLODIndex,low,ArkAscended.exe,utf16le,ArkAscended.exe:0xb97dab8,item
enum_value,USkinnedAsset,NeedCPUData,low,ArkAscended.exe,utf16le,ArkAscended.exe:0xb97db48,item
enum_value,USkinnedAsset,SetSkeleton,low,ArkAscended.exe,utf16le,ArkAscended.exe:0xb97de28,item
enum_value,USkinnedMeshComponent,RefreshBoneTransforms,low,ArkAscended.exe,utf16le,ArkAscended.exe:0xb75f1e0,item
enum_value,UTexture,CreateResource,low,ArkAscended.exe,utf16le,ArkAscended.exe:0xb9b83e8,item
enum_value,UTextureAllMipDataProviderFactory,GetResourcePostInitState,low,ArkAscended.exe,utf16le,ArkAscended.exe:0xb9ab5e0,item
enum_value,tFRigUnit_TransformConstraintPerItem,Execute,low,ArkAscended.exe,utf16le,ArkAscended.exe:0xc6fe8ce,item
enum_type,APlayerState,,medium,ArkAscended.exe,utf16le,,player
enum_type,AShooterPlayerState,,high,ArkAscended.exe,utf16le,,player
enum_type,ActorTracking_TempTrackPOIVisibleState_Creatures,,low,ArkAscended.exe,ascii,,creature
enum_type,ActorTracking_TempTrackPOIVisibleState_Creatures_Key,,low,ArkAscended.exe,ascii,,creature
enum_type,ActorTracking_TempTrackPOIVisibleState_Players,,low,ArkAscended.exe,ascii,,player
enum_type,ActorTracking_TempTrackPOIVisibleState_Players_Key,,low,ArkAscended.exe,ascii,,player
enum_type,ActorTracking_TempTrack_TrackState_Creatures,,low,ArkAscended.exe,ascii,,creature
enum_type,ActorTracking_TempTrack_TrackState_Creatures_Key,,low,ArkAscended.exe,ascii,,creature
enum_type,ActorTracking_TempTrack_TrackState_Players,,low,ArkAscended.exe,ascii,,player
enum_type,ActorTracking_TempTrack_TrackState_Players_Key,,low,ArkAscended.exe,ascii,,player
enum_type,AmmoReloadState,,low,ArkAscended.exe,ascii,,item
enum_type,EPrimalCharacterStatusState,,high,ArkAscended.exe,ascii;utf16le,,creature
enum_type,EWeaponAmmoReloadState,,medium,ArkAscended.exe,ascii;utf16le,,item
enum_type,EWeaponState,,medium,ArkAscended.exe,ascii;utf16le,,item
enum_type,EncounteredStateMachineStack,,medium,ArkAscended.exe,ascii;utf16le,,item
enum_type,EnterStateFailedTaskIndex,,medium,ArkAscended.exe,ascii,,item
enum_type,UPlayerStateCountLimiterConfig,,medium,ArkAscended.exe,utf16le,,player
enum_type,UPrimalAIStateDinoFlyerGrab,,high,ArkAscended.exe,utf16le,,creature
enum_type,UPrimalAIStateDinoGrabAndReleaseState,,high,ArkAscended.exe,utf16le,,creature
enum_type,UPrimalAIStateDinoMeleeState,,high,ArkAscended.exe,utf16le,,creature
enum_type,UPrimalAIStateDinoRangedState,,high,ArkAscended.exe,utf16le,,creature
enum_type,UPrimalAIStateDinoSpiderMinions,,high,ArkAscended.exe,utf16le,,creature
enum_type,UPrimalAIStateDinoSpiderRangedAcidState,,high,ArkAscended.exe,utf16le,,creature
enum_type,UPrimalAIStateDinoSpiderRangedWebState,,high,ArkAscended.exe,utf16le,,creature
enum_type,UPrimalAIStateDinoSpineyLizardTailRangeState,,high,ArkAscended.exe,utf16le,,creature
enum_type,UpdateAltInventoryState,,low,ArkAscended.exe,ascii;utf16le,,item
enum_type,UpdateAltInventoryStateAfterAmmoItemConsumption,,low,ArkAscended.exe,ascii;utf16le,,item
enum_type,UpdateAmmoReloadState,,low,ArkAscended.exe,ascii,,item
enum_type,UsedPlayerState,,medium,ArkAscended.exe,ascii,,player
candidate,"A comma-delimited list of EPingType pings to enable, and (optionally) the EPingAverageType averaging to apply to the ping (e.g: ""RoundTrip=None,RoundTripExclFrame=PlayerStateAvg,ICMP=MovingAverage"").",,medium,ArkAscended.exe,utf16le,0xb8d23c0,player
candidate,E_DinoClimberState.uasset,,medium,pakchunk0-Windows.utoc,ascii,0x427a479,creature
candidate,E_DinoClimberState_RockDrake.uasset,,medium,pakchunk0-Windows.utoc,ascii,0x43d3c30,creature
candidate,E_DinoCompanion_FollowingState.uasset,,medium,pakchunk0-Windows.utoc,ascii,0x43658a3,creature
candidate,E_DinoCompanion_MaxSpeedFollowingState.uasset,,medium,pakchunk0-Windows.utoc,ascii,0x40be3f1,creature
candidate,E_DinoCompanion_UndergroundState.uasset,,medium,pakchunk0-Windows.utoc,ascii,0x4382a3f,creature
candidate,E_DinoState_MilkGlider.uasset,,medium,pakchunk0-Windows.utoc,ascii,0x43bf9e0,creature
candidate,ePrimalCharacterStatusStateDefinition,,high,ArkAscended.exe,utf16le,0xc02ecce,creature
